Ngày,Giá_Vàng_TG_USD,Tỷ_Giá_USD_VND,Giá_Quy_Đổi_Triệu_Đồng,Giá_SJC_Triệu_Đồng,Chênh_Lệch_SJC_TG,SMA_7,SMA_30,Lợi_Suất_%,Tháng_Năm
2023-01-02,1839.7,23610.0,52.37,55.27,2.9,55.27,55.27,,2023-01
2023-01-03,1839.7,23610.0,52.37,55.27,2.9,55.27,55.27,0.0,2023-01
2023-01-04,1852.8,23515.0,52.53,55.43,2.9,55.32,55.32,0.29,2023-01
2023-01-05,1834.8,23510.0,52.01,54.91,2.9,55.22,55.22,-0.94,2023-01
2023-01-06,1864.2,23475.0,52.76,55.66,2.9,55.31,55.31,1.37,2023-01
2023-01-09,1872.7,23460.0,52.97,55.87,2.9,55.4,55.4,0.37,2023-01
2023-01-10,1871.6,23447.0,52.91,55.81,2.9,55.46,55.46,-0.11,2023-01
2023-01-11,1874.6,23445.0,52.99,55.89,2.9,55.55,55.51,0.14,2023-01
2023-01-12,1895.5,23440.0,53.57,56.47,2.9,55.72,55.62,1.04,2023-01
2023-01-13,1918.4,23438.0,54.21,57.11,2.9,55.96,55.77,1.14,2023-01
2023-01-16,1918.4,23435.0,54.2,57.1,2.9,56.27,55.89,-0.01,2023-01
2023-01-17,1907.2,23434.0,53.88,56.78,2.9,56.43,55.96,-0.56,2023-01
2023-01-18,1904.4,23427.0,53.79,56.69,2.9,56.55,56.02,-0.17,2023-01
2023-01-19,1922.1,23437.0,54.31,57.21,2.9,56.75,56.1,0.92,2023-01
2023-01-20,1926.4,23440.0,54.44,57.34,2.9,56.96,56.19,0.22,2023-01
2023-01-23,1927.1,23440.0,54.46,57.36,2.9,57.09,56.26,0.03,2023-01
2023-01-24,1933.9,23440.0,54.65,57.55,2.9,57.15,56.34,0.34,2023-01
2023-01-25,1941.2,23440.0,54.86,57.76,2.9,57.24,56.42,0.36,2023-01
2023-01-26,1929.1,23440.0,54.52,57.42,2.9,57.33,56.47,-0.59,2023-01
2023-01-27,1928.6,23440.0,54.5,57.4,2.9,57.44,56.51,-0.02,2023-01
2023-01-30,1922.9,23460.0,54.39,57.29,2.9,57.45,56.55,-0.2,2023-01
2023-01-31,1929.5,23470.0,54.6,57.5,2.9,57.47,56.59,0.37,2023-01
2023-02-01,1927.8,23445.0,54.49,57.39,2.9,57.47,56.63,-0.18,2023-02
2023-02-02,1916.3,23440.0,54.16,57.06,2.9,57.4,56.65,-0.59,2023-02
2023-02-03,1862.9,23449.0,52.67,55.57,2.9,57.09,56.6,-2.61,2023-02
2023-02-06,1866.2,23440.0,52.74,55.64,2.9,56.83,56.57,0.13,2023-02
2023-02-07,1871.7,23480.0,52.99,55.89,2.9,56.62,56.54,0.44,2023-02
2023-02-08,1877.4,23600.0,53.42,56.32,2.9,56.48,56.53,0.77,2023-02
2023-02-09,1866.2,23590.0,53.08,55.98,2.9,56.26,56.51,-0.61,2023-02
2023-02-10,1862.8,23560.0,52.91,55.81,2.9,56.04,56.49,-0.29,2023-02
2023-02-13,1851.9,23565.0,52.61,55.51,2.9,55.82,56.5,-0.53,2023-02
2023-02-14,1854.0,23595.0,52.74,55.64,2.9,55.83,56.51,0.23,2023-02
2023-02-15,1834.2,23600.0,52.19,55.09,2.9,55.75,56.5,-0.99,2023-02
2023-02-16,1842.0,23615.0,52.44,55.34,2.9,55.67,56.52,0.46,2023-02
2023-02-17,1840.4,23680.0,52.54,55.44,2.9,55.55,56.51,0.18,2023-02
2023-02-20,1840.4,23810.0,52.83,55.73,2.9,55.51,56.5,0.52,2023-02
2023-02-21,1833.0,23725.0,52.43,55.33,2.9,55.44,56.49,-0.72,2023-02
2023-02-22,1832.0,23705.0,52.36,55.26,2.9,55.41,56.47,-0.13,2023-02
2023-02-23,1818.0,23780.0,52.12,55.02,2.9,55.32,56.42,-0.43,2023-02
2023-02-24,1808.8,23815.0,51.94,54.84,2.9,55.28,56.34,-0.34,2023-02
2023-02-27,1817.0,23780.0,52.09,54.99,2.9,55.23,56.27,0.29,2023-02
2023-02-28,1828.9,23805.0,52.49,55.39,2.9,55.22,56.23,0.72,2023-02
2023-03-01,1837.7,23740.0,52.6,55.5,2.9,55.19,56.19,0.2,2023-03
2023-03-02,1833.5,23710.0,52.41,55.31,2.9,55.19,56.12,-0.34,2023-03
2023-03-03,1847.7,23700.0,52.8,55.7,2.9,55.25,56.07,0.69,2023-03
2023-03-06,1847.9,23710.0,52.82,55.72,2.9,55.35,56.01,0.05,2023-03
2023-03-07,1813.9,23650.0,51.72,54.62,2.9,55.32,55.92,-1.98,2023-03
2023-03-08,1812.7,23640.0,51.66,54.56,2.9,55.26,55.81,-0.1,2023-03
2023-03-09,1829.3,23710.0,52.29,55.19,2.9,55.23,55.73,1.15,2023-03
2023-03-10,1862.0,23680.0,53.16,56.06,2.9,55.31,55.69,1.57,2023-03
2023-03-13,1911.7,23660.0,54.53,57.43,2.9,55.61,55.69,2.45,2023-03
2023-03-14,1906.2,23570.0,54.17,57.07,2.9,55.81,55.68,-0.63,2023-03
2023-03-15,1926.6,23570.0,54.75,57.65,2.9,56.08,55.69,1.02,2023-03
2023-03-16,1919.0,23565.0,54.52,57.42,2.9,56.48,55.7,-0.39,2023-03
2023-03-17,1969.8,23560.0,55.95,58.85,2.9,57.1,55.81,2.49,2023-03
2023-03-20,1979.2,23570.0,56.24,59.14,2.9,57.66,55.93,0.49,2023-03
2023-03-21,1938.0,23570.0,55.07,57.97,2.9,57.93,56.0,-1.98,2023-03
2023-03-22,1946.8,23570.0,55.32,58.22,2.9,58.05,56.06,0.43,2023-03
2023-03-23,1993.8,23510.0,56.51,59.41,2.9,58.38,56.18,2.05,2023-03
2023-03-24,1982.1,23490.0,56.13,59.03,2.9,58.58,56.28,-0.64,2023-03
2023-03-27,1952.4,23510.0,55.34,58.24,2.9,58.7,56.37,-1.35,2023-03
2023-03-28,1972.4,23500.0,55.88,58.78,2.9,58.69,56.48,0.93,2023-03
2023-03-29,1966.1,23480.0,55.66,58.56,2.9,58.6,56.59,-0.38,2023-03
2023-03-30,1980.3,23480.0,56.06,58.96,2.9,58.74,56.71,0.69,2023-03
2023-03-31,1969.0,23470.0,55.72,58.62,2.9,58.8,56.82,-0.58,2023-03
2023-04-03,1983.9,23450.0,56.09,58.99,2.9,58.74,56.93,0.64,2023-04
2023-04-04,2022.2,23470.0,57.22,60.12,2.9,58.9,57.09,1.92,2023-04
2023-04-05,2020.9,23460.0,57.16,60.06,2.9,59.16,57.25,-0.1,2023-04
2023-04-06,2011.9,23465.0,56.92,59.82,2.9,59.3,57.41,-0.4,2023-04
2023-04-07,2011.9,23451.0,56.88,59.78,2.9,59.48,57.57,-0.06,2023-04
2023-04-10,1989.1,23442.0,56.22,59.12,2.9,59.5,57.71,-1.11,2023-04
2023-04-11,2004.8,23442.0,56.66,59.56,2.9,59.64,57.85,0.75,2023-04
2023-04-12,2010.9,23445.0,56.84,59.74,2.9,59.74,57.99,0.3,2023-04
2023-04-13,2041.3,23442.0,57.69,60.59,2.9,59.81,58.17,1.43,2023-04
2023-04-14,2002.2,23440.0,56.58,59.48,2.9,59.73,58.29,-1.83,2023-04
2023-04-17,1994.2,23440.0,56.36,59.26,2.9,59.65,58.41,-0.38,2023-04
2023-04-18,2007.4,23485.0,56.84,59.74,2.9,59.64,58.58,0.81,2023-04
2023-04-19,1995.2,23505.0,56.54,59.44,2.9,59.69,58.74,-0.5,2023-04
2023-04-20,2007.6,23511.0,56.91,59.81,2.9,59.72,58.9,0.62,2023-04
2023-04-21,1979.5,23488.0,56.06,58.96,2.9,59.61,58.99,-1.42,2023-04
2023-04-24,1989.1,23485.0,56.32,59.22,2.9,59.41,59.05,0.45,2023-04
2023-04-25,1994.0,23494.0,56.48,59.38,2.9,59.4,59.13,0.27,2023-04
2023-04-26,1985.7,23473.0,56.2,59.1,2.9,59.38,59.18,-0.48,2023-04
2023-04-27,1989.9,23465.0,56.3,59.2,2.9,59.3,59.24,0.17,2023-04
2023-04-28,1990.1,23445.0,56.25,59.15,2.9,59.26,59.25,-0.07,2023-04
2023-05-01,1983.4,23450.0,56.08,58.98,2.9,59.14,59.24,-0.3,2023-05
2023-05-02,2014.3,23450.0,56.95,59.85,2.9,59.27,59.31,1.48,2023-05
2023-05-03,2028.6,23450.0,57.35,60.25,2.9,59.41,59.37,0.68,2023-05
2023-05-04,2048.0,23450.0,57.9,60.8,2.9,59.62,59.42,0.91,2023-05
2023-05-05,2017.4,23445.0,57.02,59.92,2.9,59.74,59.45,-1.44,2023-05
2023-05-08,2026.3,23440.0,57.26,60.16,2.9,59.87,59.51,0.4,2023-05
2023-05-09,2036.2,23443.0,57.55,60.45,2.9,60.06,59.57,0.48,2023-05
2023-05-10,2030.5,23460.0,57.43,60.33,2.9,60.25,59.63,-0.2,2023-05
2023-05-11,2014.7,23465.0,57.0,59.9,2.9,60.26,59.66,-0.72,2023-05
2023-05-12,2014.5,23465.0,56.99,59.89,2.9,60.21,59.7,-0.01,2023-05
2023-05-15,2018.0,23450.0,57.05,59.95,2.9,60.09,59.73,0.1,2023-05
2023-05-16,1988.4,23452.0,56.22,59.12,2.9,59.97,59.7,-1.39,2023-05
2023-05-17,1980.7,23450.0,56.0,58.9,2.9,59.79,59.66,-0.38,2023-05
2023-05-18,1956.5,23450.0,55.32,58.22,2.9,59.47,59.61,-1.16,2023-05
2023-05-19,1978.7,23450.0,55.94,58.84,2.9,59.26,59.58,1.08,2023-05
2023-05-22,1974.8,23460.0,55.86,58.76,2.9,59.1,59.57,-0.15,2023-05
2023-05-23,1972.4,23438.0,55.74,58.64,2.9,58.92,59.53,-0.2,2023-05
2023-05-24,1962.8,23470.0,55.54,58.44,2.9,58.7,59.49,-0.33,2023-05
2023-05-25,1943.1,23470.0,54.98,57.88,2.9,58.52,59.4,-0.95,2023-05
2023-05-26,1944.1,23470.0,55.01,57.91,2.9,58.38,59.35,0.05,2023-05
2023-05-29,1944.1,23475.0,55.02,57.92,2.9,58.34,59.3,0.02,2023-05
2023-05-30,1958.0,23465.0,55.39,58.29,2.9,58.26,59.26,0.64,2023-05
2023-05-31,1963.9,23480.0,55.6,58.5,2.9,58.23,59.22,0.35,2023-05
2023-06-01,1978.0,23485.0,56.01,58.91,2.9,58.26,59.19,0.7,2023-06
2023-06-02,1952.4,23485.0,55.28,58.18,2.9,58.23,59.17,-1.23,2023-06
2023-06-05,1958.0,23475.0,55.42,58.32,2.9,58.29,59.14,0.23,2023-06
2023-06-06,1965.5,23495.0,55.68,58.58,2.9,58.38,59.11,0.45,2023-06
2023-06-07,1942.7,23485.0,55.01,57.91,2.9,58.38,59.07,-1.14,2023-06
2023-06-08,1963.6,23485.0,55.6,58.5,2.9,58.41,59.05,1.02,2023-06
2023-06-09,1962.2,23490.0,55.57,58.47,2.9,58.41,59.03,-0.05,2023-06
2023-06-12,1955.3,23470.0,55.33,58.23,2.9,58.31,59.0,-0.41,2023-06
2023-06-13,1944.6,23480.0,55.05,57.95,2.9,58.28,58.94,-0.48,2023-06
2023-06-14,1955.3,23495.0,55.39,58.29,2.9,58.27,58.87,0.58,2023-06
2023-06-15,1957.8,23500.0,55.47,58.37,2.9,58.24,58.79,0.14,2023-06
2023-06-16,1958.4,23525.0,55.55,58.45,2.9,58.32,58.74,0.13,2023-06
2023-06-19,1958.4,23520.0,55.53,58.43,2.9,58.31,58.68,-0.02,2023-06
2023-06-20,1935.5,23520.0,54.88,57.78,2.9,58.21,58.59,-1.11,2023-06
2023-06-21,1933.3,23520.0,54.82,57.72,2.9,58.14,58.51,-0.11,2023-06
2023-06-22,1912.7,23505.0,54.2,57.1,2.9,58.02,58.41,-1.07,2023-06
2023-06-23,1919.1,23515.0,54.41,57.31,2.9,57.88,58.33,0.36,2023-06
2023-06-26,1923.7,23515.0,54.54,57.44,2.9,57.75,58.24,0.23,2023-06
2023-06-27,1914.0,23530.0,54.3,57.2,2.9,57.57,58.18,-0.42,2023-06
2023-06-28,1912.3,23520.0,54.23,57.13,2.9,57.38,58.12,-0.12,2023-06
2023-06-29,1909.2,23555.0,54.22,57.12,2.9,57.29,58.09,-0.01,2023-06
2023-06-30,1921.1,23569.0,54.59,57.49,2.9,57.25,58.04,0.65,2023-06
2023-07-03,1921.7,23575.0,54.62,57.52,2.9,57.31,58.0,0.05,2023-07
2023-07-04,1921.7,23695.0,54.9,57.8,2.9,57.38,57.97,0.48,2023-07
2023-07-05,1919.6,23700.0,54.85,57.75,2.9,57.43,57.95,-0.08,2023-07
2023-07-06,1908.7,23745.0,54.64,57.54,2.9,57.48,57.94,-0.36,2023-07
2023-07-07,1926.2,23710.0,55.06,57.96,2.9,57.6,57.94,0.73,2023-07
2023-07-10,1925.0,23635.0,54.85,57.75,2.9,57.69,57.93,-0.36,2023-07
2023-07-11,1931.3,23640.0,55.05,57.95,2.9,57.75,57.92,0.33,2023-07
2023-07-12,1956.2,23690.0,55.87,58.77,2.9,57.93,57.93,1.43,2023-07
2023-07-13,1959.2,23660.0,55.89,58.79,2.9,58.07,57.93,0.03,2023-07
2023-07-14,1960.1,23665.0,55.92,58.82,2.9,58.23,57.95,0.06,2023-07
2023-07-17,1952.4,23630.0,55.62,58.52,2.9,58.37,57.95,-0.51,2023-07
2023-07-18,1977.2,23630.0,56.33,59.23,2.9,58.55,57.98,1.21,2023-07
2023-07-19,1977.5,23635.0,56.35,59.25,2.9,58.76,58.02,0.03,2023-07
2023-07-20,1968.3,23630.0,56.08,58.98,2.9,58.91,58.04,-0.46,2023-07
2023-07-21,1964.3,23647.0,56.0,58.9,2.9,58.93,58.05,-0.12,2023-07
2023-07-24,1960.3,23656.0,55.91,58.81,2.9,58.93,58.07,-0.16,2023-07
2023-07-25,1962.1,23665.0,55.98,58.88,2.9,58.94,58.1,0.12,2023-07
2023-07-26,1968.9,23655.0,56.15,59.05,2.9,59.01,58.13,0.29,2023-07
2023-07-27,1945.4,23665.0,55.51,58.41,2.9,58.9,58.13,-1.1,2023-07
2023-07-28,1960.4,23661.0,55.92,58.82,2.9,58.84,58.14,0.72,2023-07
2023-07-31,1970.5,23685.0,56.27,59.17,2.9,58.86,58.17,0.59,2023-07
2023-08-01,1940.7,23680.0,55.41,58.31,2.9,58.78,58.18,-1.46,2023-08
2023-08-02,1937.4,23680.0,55.31,58.21,2.9,58.69,58.2,-0.16,2023-08
2023-08-03,1932.0,23735.0,55.29,58.19,2.9,58.59,58.24,-0.04,2023-08
2023-08-04,1939.6,23750.0,55.54,58.44,2.9,58.51,58.27,0.43,2023-08
2023-08-07,1933.5,23725.0,55.31,58.21,2.9,58.48,58.3,-0.4,2023-08
2023-08-08,1924.1,23720.0,55.03,57.93,2.9,58.35,58.32,-0.48,2023-08
2023-08-09,1915.4,23730.0,54.8,57.7,2.9,58.14,58.34,-0.39,2023-08
2023-08-10,1914.4,23735.0,54.78,57.68,2.9,58.05,58.36,-0.03,2023-08
2023-08-11,1912.9,23740.0,54.75,57.65,2.9,57.97,58.37,-0.05,2023-08
2023-08-14,1910.6,23750.0,54.71,57.61,2.9,57.89,58.37,-0.07,2023-08
2023-08-15,1902.5,23815.0,54.63,57.53,2.9,57.76,58.36,-0.14,2023-08
2023-08-16,1896.1,23965.0,54.78,57.68,2.9,57.68,58.36,0.28,2023-08
2023-08-17,1884.1,23935.0,54.37,57.27,2.9,57.59,58.35,-0.72,2023-08
2023-08-18,1886.1,23850.0,54.23,57.13,2.9,57.51,58.32,-0.24,2023-08
2023-08-21,1893.3,23850.0,54.44,57.34,2.9,57.46,58.31,0.36,2023-08
2023-08-22,1896.4,23850.0,54.53,57.43,2.9,57.43,58.29,0.16,2023-08
2023-08-23,1918.5,23850.0,55.17,58.07,2.9,57.49,58.27,1.11,2023-08
2023-08-24,1918.2,23900.0,55.27,58.17,2.9,57.59,58.25,0.18,2023-08
2023-08-25,1911.1,23900.0,55.07,57.97,2.9,57.63,58.22,-0.35,2023-08
2023-08-28,1917.9,23975.0,55.44,58.34,2.9,57.78,58.21,0.64,2023-08
2023-08-29,1936.5,24080.0,56.22,59.12,2.9,58.06,58.21,1.34,2023-08
2023-08-30,1944.3,24180.0,56.68,59.58,2.9,58.38,58.22,0.78,2023-08
2023-08-31,1938.2,24110.0,56.34,59.24,2.9,58.64,58.23,-0.57,2023-08
2023-09-01,1939.8,24060.0,56.27,59.17,2.9,58.8,58.24,-0.12,2023-09
2023-09-04,1939.8,24060.0,56.27,59.17,2.9,58.94,58.25,0.0,2023-09
2023-09-05,1926.2,24060.0,55.88,58.78,2.9,59.06,58.25,-0.67,2023-09
2023-09-06,1918.1,24050.0,55.62,58.52,2.9,59.08,58.23,-0.44,2023-09
2023-09-07,1917.5,24055.0,55.61,58.51,2.9,58.99,58.23,-0.01,2023-09
2023-09-08,1918.4,24060.0,55.65,58.55,2.9,58.85,58.22,0.06,2023-09
2023-09-11,1923.3,24055.0,55.78,58.68,2.9,58.77,58.21,0.22,2023-09
2023-09-12,1911.3,24075.0,55.48,58.38,2.9,58.65,58.21,-0.51,2023-09
2023-09-13,1909.1,24100.0,55.47,58.37,2.9,58.54,58.21,-0.01,2023-09
2023-09-14,1910.0,24080.0,55.45,58.35,2.9,58.48,58.22,-0.03,2023-09
2023-09-15,1923.7,24220.0,56.17,59.07,2.9,58.56,58.24,1.24,2023-09
2023-09-18,1931.5,24250.0,56.47,59.37,2.9,58.68,58.28,0.5,2023-09
2023-09-19,1932.0,24370.0,56.77,59.67,2.9,58.84,58.34,0.5,2023-09
2023-09-20,1945.6,24370.0,57.17,60.07,2.9,59.04,58.42,0.67,2023-09
2023-09-21,1919.2,24270.0,56.16,59.06,2.9,59.14,58.46,-1.68,2023-09
2023-09-22,1925.4,24310.0,56.43,59.33,2.9,59.27,58.52,0.46,2023-09
2023-09-25,1916.6,24360.0,56.29,59.19,2.9,59.39,58.57,-0.24,2023-09
2023-09-26,1900.4,24380.0,55.86,58.76,2.9,59.35,58.61,-0.73,2023-09
2023-09-27,1871.6,24380.0,55.01,57.91,2.9,59.14,58.62,-1.44,2023-09
2023-09-28,1860.4,24385.0,54.7,57.6,2.9,58.84,58.63,-0.55,2023-09
2023-09-29,1848.1,24385.0,54.33,57.23,2.9,58.44,58.63,-0.63,2023-09
2023-10-02,1830.0,24280.0,53.57,56.47,2.9,58.07,58.6,-1.33,2023-10
2023-10-03,1824.6,24340.0,53.54,56.44,2.9,57.66,58.57,-0.05,2023-10
2023-10-04,1818.5,24385.0,53.46,56.36,2.9,57.25,58.51,-0.14,2023-10
2023-10-05,1816.6,24420.0,53.48,56.38,2.9,56.91,58.45,0.04,2023-10
2023-10-06,1830.2,24380.0,53.8,56.7,2.9,56.74,58.41,0.55,2023-10
2023-10-09,1849.5,24360.0,54.32,57.22,2.9,56.69,58.37,0.92,2023-10
2023-10-10,1861.0,24370.0,54.68,57.58,2.9,56.74,58.32,0.63,2023-10
2023-10-11,1872.8,24390.0,55.07,57.97,2.9,56.95,58.27,0.68,2023-10
2023-10-12,1869.3,24440.0,55.08,57.98,2.9,57.17,58.23,0.02,2023-10
2023-10-13,1927.4,24435.0,56.78,59.68,2.9,57.64,58.24,2.93,2023-10
2023-10-16,1921.1,24440.0,56.61,59.51,2.9,58.09,58.26,-0.29,2023-10
2023-10-17,1922.7,24460.0,56.7,59.6,2.9,58.51,58.28,0.16,2023-10
2023-10-18,1955.3,24490.0,57.73,60.63,2.9,58.99,58.35,1.73,2023-10
2023-10-19,1968.4,24555.0,58.27,61.17,2.9,59.51,58.44,0.89,2023-10
2023-10-20,1982.5,24550.0,58.68,61.58,2.9,60.02,58.54,0.66,2023-10
2023-10-23,1976.3,24520.0,58.42,61.32,2.9,60.5,58.63,-0.41,2023-10
2023-10-24,1975.0,24590.0,58.55,61.45,2.9,60.75,58.73,0.21,2023-10
2023-10-25,1984.1,24550.0,58.73,61.63,2.9,61.06,58.84,0.28,2023-10
2023-10-26,1987.2,24560.0,58.84,61.74,2.9,61.36,58.96,0.19,2023-10
2023-10-27,1988.6,24604.0,58.99,61.89,2.9,61.54,59.05,0.24,2023-10
2023-10-30,1996.2,24570.0,59.13,62.03,2.9,61.66,59.14,0.23,2023-10
2023-10-31,1985.2,24558.0,58.78,61.68,2.9,61.68,59.21,-0.57,2023-10
2023-11-01,1978.8,24560.0,58.59,61.49,2.9,61.7,59.25,-0.3,2023-11
2023-11-02,1985.6,24585.0,58.85,61.75,2.9,61.75,59.34,0.42,2023-11
2023-11-03,1991.5,24570.0,58.99,61.89,2.9,61.78,59.43,0.22,2023-11
2023-11-06,1981.6,24520.0,58.58,61.48,2.9,61.75,59.51,-0.67,2023-11
2023-11-07,1966.8,24335.0,57.7,60.6,2.9,61.56,59.57,-1.43,2023-11
2023-11-08,1951.5,24310.0,57.2,60.1,2.9,61.29,59.64,-0.84,2023-11
2023-11-09,1964.2,24370.0,57.71,60.61,2.9,61.13,59.74,0.86,2023-11
2023-11-10,1932.6,24340.0,56.71,59.61,2.9,60.87,59.82,-1.65,2023-11
2023-11-13,1945.5,24315.0,57.03,59.93,2.9,60.6,59.93,0.54,2023-11
2023-11-14,1961.8,24381.0,57.67,60.57,2.9,60.42,60.07,1.06,2023-11
2023-11-15,1960.1,24376.0,57.61,60.51,2.9,60.28,60.21,-0.1,2023-11
2023-11-16,1983.9,24286.0,58.09,60.99,2.9,60.33,60.36,0.8,2023-11
2023-11-17,1981.6,24288.0,58.03,60.93,2.9,60.45,60.5,-0.1,2023-11
2023-11-20,1977.7,24250.0,57.82,60.72,2.9,60.47,60.62,-0.34,2023-11
2023-11-21,1999.3,24170.0,58.26,61.16,2.9,60.69,60.74,0.72,2023-11
2023-11-22,1991.4,24130.0,57.93,60.83,2.9,60.82,60.84,-0.53,2023-11
2023-11-23,1991.4,24205.0,58.11,61.01,2.9,60.88,60.94,0.3,2023-11
2023-11-24,2002.2,24240.0,58.51,61.41,2.9,61.01,61.0,0.66,2023-11
2023-11-27,2011.8,24260.0,58.84,61.74,2.9,61.12,61.07,0.54,2023-11
2023-11-28,2039.7,24230.0,59.59,62.49,2.9,61.34,61.17,1.2,2023-11
2023-11-29,2047.1,24240.0,59.83,62.73,2.9,61.63,61.24,0.39,2023-11
2023-11-30,2038.1,24260.0,59.61,62.51,2.9,61.82,61.28,-0.34,2023-11
2023-12-01,2071.0,24250.0,60.55,63.45,2.9,62.19,61.34,1.5,2023-12
2023-12-04,2024.1,24270.0,59.23,62.13,2.9,62.35,61.37,-2.08,2023-12
2023-12-05,2018.5,24250.0,59.01,61.91,2.9,62.42,61.38,-0.34,2023-12
2023-12-06,2030.5,24266.0,59.4,62.3,2.9,62.5,61.41,0.63,2023-12
2023-12-07,2029.9,24274.0,59.41,62.31,2.9,62.48,61.43,0.0,2023-12
2023-12-08,1998.3,24275.0,58.48,61.38,2.9,62.29,61.41,-1.48,2023-12
2023-12-11,1978.0,24220.0,57.76,60.66,2.9,62.02,61.36,-1.18,2023-12
2023-12-12,1977.8,24250.0,57.82,60.72,2.9,61.63,61.33,0.11,2023-12
2023-12-13,1982.3,24260.0,57.98,60.88,2.9,61.45,61.31,0.26,2023-12
2023-12-14,2030.2,24279.0,59.43,62.33,2.9,61.51,61.33,2.38,2023-12
2023-12-15,2021.1,24245.0,59.08,61.98,2.9,61.47,61.33,-0.56,2023-12
2023-12-18,2026.3,24260.0,59.27,62.17,2.9,61.45,61.36,0.3,2023-12
2023-12-19,2038.4,24350.0,59.84,62.74,2.9,61.64,61.43,0.93,2023-12
2023-12-20,2034.5,24350.0,59.73,62.63,2.9,61.92,61.51,-0.18,2023-12
2023-12-21,2039.1,24335.0,59.83,62.73,2.9,62.21,61.58,0.16,2023-12
2023-12-22,2057.1,24320.0,60.32,63.22,2.9,62.54,61.7,0.78,2023-12
2023-12-25,2057.1,24235.0,60.11,63.01,2.9,62.64,61.8,-0.33,2023-12
2023-12-26,2058.2,24230.0,60.13,63.03,2.9,62.79,61.89,0.03,2023-12
2023-12-27,2081.9,24325.0,61.06,63.96,2.9,63.04,62.0,1.48,2023-12
2023-12-28,2073.9,24345.0,60.87,63.77,2.9,63.19,62.09,-0.29,2023-12
2023-12-29,2062.4,24235.0,60.26,63.16,2.9,63.27,62.17,-0.96,2023-12
2024-01-01,2062.4,24260.0,60.32,63.22,2.9,63.34,62.25,0.1,2024-01
2024-01-02,2064.4,24260.0,60.38,63.28,2.9,63.35,62.32,0.09,2024-01
2024-01-03,2034.2,24325.0,59.66,62.56,2.9,63.28,62.38,-1.14,2024-01
2024-01-04,2042.3,24370.0,60.01,62.91,2.9,63.27,62.44,0.56,2024-01
2024-01-05,2042.4,24360.0,59.98,62.88,2.9,63.11,62.49,-0.03,2024-01
2024-01-08,2026.6,24370.0,59.54,62.44,2.9,62.92,62.52,-0.7,2024-01
2024-01-09,2026.4,24330.0,59.44,62.34,2.9,62.81,62.51,-0.17,2024-01
2024-01-10,2021.7,24360.0,59.38,62.28,2.9,62.67,62.5,-0.1,2024-01
2024-01-11,2014.3,24405.0,59.27,62.17,2.9,62.51,62.48,-0.17,2024-01
2024-01-12,2046.7,24475.0,60.39,63.29,2.9,62.62,62.48,1.81,2024-01
2024-01-15,2046.7,24490.0,60.43,63.33,2.9,62.68,62.52,0.06,2024-01
2024-01-16,2026.0,24470.0,59.77,62.67,2.9,62.65,62.55,-1.04,2024-01
2024-01-17,2002.6,24500.0,59.15,62.05,2.9,62.59,62.54,-0.99,2024-01
2024-01-18,2018.6,24500.0,59.63,62.53,2.9,62.62,62.54,0.76,2024-01
2024-01-19,2026.5,24545.0,59.97,62.87,2.9,62.7,62.59,0.55,2024-01
2024-01-22,2019.8,24540.0,59.76,62.66,2.9,62.77,62.66,-0.33,2024-01
2024-01-23,2023.7,24550.0,59.9,62.8,2.9,62.7,62.73,0.22,2024-01
2024-01-24,2013.9,24565.0,59.65,62.55,2.9,62.59,62.78,-0.4,2024-01
2024-01-25,2016.9,24600.0,59.82,62.72,2.9,62.6,62.8,0.28,2024-01
2024-01-26,2016.8,24605.0,59.83,62.73,2.9,62.69,62.82,0.01,2024-01
2024-01-29,2025.2,24595.0,60.05,62.95,2.9,62.75,62.85,0.36,2024-01
2024-01-30,2031.5,24530.0,60.08,62.98,2.9,62.77,62.86,0.04,2024-01
2024-01-31,2048.4,24395.0,60.25,63.15,2.9,62.84,62.87,0.26,2024-01
2024-02-01,2053.0,24415.0,60.43,63.33,2.9,62.92,62.89,0.29,2024-02
2024-02-02,2036.1,24400.0,59.9,62.8,2.9,62.95,62.88,-0.84,2024-02
2024-02-05,2025.7,24335.0,59.43,62.33,2.9,62.9,62.86,-0.74,2024-02
2024-02-06,2034.5,24370.0,59.78,62.68,2.9,62.89,62.85,0.55,2024-02
2024-02-07,2035.2,24355.0,59.76,62.66,2.9,62.85,62.8,-0.03,2024-02
2024-02-08,2032.2,24400.0,59.78,62.68,2.9,62.8,62.77,0.04,2024-02
2024-02-09,2023.3,24400.0,59.52,62.42,2.9,62.7,62.74,-0.42,2024-02
2024-02-12,2018.2,24400.0,59.37,62.27,2.9,62.55,62.71,-0.24,2024-02
2024-02-13,1992.9,24400.0,58.63,61.53,2.9,62.37,62.65,-1.2,2024-02
2024-02-14,1990.3,24400.0,58.55,61.45,2.9,62.24,62.62,-0.12,2024-02
2024-02-15,2002.1,24400.0,58.9,61.8,2.9,62.12,62.58,0.56,2024-02
2024-02-16,2011.5,24450.0,59.3,62.2,2.9,62.05,62.56,0.64,2024-02
2024-02-19,2011.5,24510.0,59.44,62.34,2.9,62.0,62.55,0.23,2024-02
2024-02-20,2027.5,24530.0,59.96,62.86,2.9,62.06,62.57,0.84,2024-02
2024-02-21,2022.3,24525.0,59.8,62.7,2.9,62.12,62.58,-0.26,2024-02
2024-02-22,2019.7,24525.0,59.72,62.62,2.9,62.28,62.6,-0.12,2024-02
2024-02-23,2038.6,24590.0,60.44,63.34,2.9,62.55,62.6,1.15,2024-02
2024-02-26,2028.5,24630.0,60.24,63.14,2.9,62.74,62.59,-0.32,2024-02
2024-02-27,2034.0,24660.0,60.47,63.37,2.9,62.91,62.62,0.38,2024-02
2024-02-28,2033.0,24625.0,60.36,63.26,2.9,63.04,62.66,-0.18,2024-02
2024-02-29,2045.7,24620.0,60.72,63.62,2.9,63.15,62.69,0.58,2024-02
2024-03-01,2086.9,24640.0,62.0,64.9,2.9,63.46,62.76,2.0,2024-03
2024-03-04,2117.7,24640.0,62.91,65.81,2.9,63.92,62.87,1.41,2024-03
2024-03-05,2133.5,24676.0,63.47,66.37,2.9,64.35,62.98,0.85,2024-03
2024-03-06,2150.3,24690.0,64.01,66.91,2.9,64.89,63.13,0.81,2024-03
2024-03-07,2158.0,24665.0,64.17,67.07,2.9,65.42,63.28,0.25,2024-03
2024-03-08,2178.6,24680.0,64.83,67.73,2.9,66.06,63.44,0.97,2024-03
2024-03-11,2182.5,24640.0,64.84,67.74,2.9,66.65,63.6,0.02,2024-03
2024-03-12,2160.4,24635.0,64.17,67.07,2.9,66.96,63.74,-0.99,2024-03
2024-03-13,2175.4,24645.0,64.64,67.54,2.9,67.2,63.88,0.7,2024-03
2024-03-14,2163.0,24675.0,64.35,67.25,2.9,67.33,64.01,-0.43,2024-03
2024-03-15,2157.3,24690.0,64.22,67.12,2.9,67.36,64.16,-0.19,2024-03
2024-03-18,2160.7,24720.0,64.4,67.3,2.9,67.39,64.32,0.27,2024-03
2024-03-19,2156.3,24715.0,64.25,67.15,2.9,67.31,64.47,-0.21,2024-03
2024-03-20,2157.9,24740.0,64.37,67.27,2.9,67.24,64.63,0.17,2024-03
2024-03-21,2182.4,24775.0,65.19,68.09,2.9,67.39,64.81,1.22,2024-03
2024-03-22,2158.1,24785.0,64.49,67.39,2.9,67.37,64.97,-1.03,2024-03
2024-03-25,2174.8,24768.0,64.94,67.84,2.9,67.45,65.16,0.67,2024-03
2024-03-26,2175.6,24740.0,64.89,67.79,2.9,67.55,65.37,-0.07,2024-03
2024-03-27,2190.6,24770.0,65.42,68.32,2.9,67.69,65.6,0.78,2024-03
2024-03-28,2217.4,24785.0,66.26,69.16,2.9,67.98,65.84,1.23,2024-03
2024-03-29,2217.4,24790.0,66.27,69.17,2.9,68.25,66.07,0.02,2024-03
2024-04-01,2236.5,24810.0,66.9,69.8,2.9,68.5,66.32,0.9,2024-04
2024-04-02,2261.0,24795.0,67.59,70.49,2.9,68.94,66.58,0.99,2024-04
2024-04-03,2294.4,24900.0,68.88,71.78,2.9,69.5,66.88,1.83,2024-04
2024-04-04,2288.8,25000.0,68.99,71.89,2.9,70.09,67.19,0.15,2024-04
2024-04-05,2325.7,24935.0,69.92,72.82,2.9,70.73,67.5,1.29,2024-04
2024-04-08,2331.7,24950.0,70.14,73.04,2.9,71.28,67.83,0.31,2024-04
2024-04-09,2343.5,24960.0,70.52,73.42,2.9,71.89,68.17,0.52,2024-04
2024-04-10,2329.6,24945.0,70.06,72.96,2.9,72.34,68.49,-0.63,2024-04
2024-04-11,2354.8,24935.0,70.79,73.69,2.9,72.8,68.83,1.0,2024-04
2024-04-12,2356.2,24980.0,70.96,73.86,2.9,73.1,69.13,0.23,2024-04
2024-04-15,2365.8,25000.0,71.31,74.21,2.9,73.43,69.41,0.47,2024-04
2024-04-16,2390.8,25180.0,72.58,75.48,2.9,73.81,69.71,1.71,2024-04
2024-04-17,2371.7,25280.0,72.29,75.19,2.9,74.12,69.99,-0.39,2024-04
2024-04-18,2382.3,25400.0,72.95,75.85,2.9,74.46,70.28,0.89,2024-04
2024-04-19,2398.4,25400.0,73.45,76.35,2.9,74.95,70.57,0.65,2024-04
2024-04-22,2332.2,25440.0,71.53,74.43,2.9,75.05,70.79,-2.51,2024-04
2024-04-23,2327.7,25455.0,71.44,74.34,2.9,75.12,71.03,-0.13,2024-04
2024-04-24,2324.5,25440.0,71.3,74.2,2.9,75.12,71.25,-0.19,2024-04
2024-04-25,2329.8,25405.0,71.36,74.26,2.9,74.94,71.49,0.09,2024-04
2024-04-26,2334.8,25350.0,71.36,74.26,2.9,74.81,71.73,-0.0,2024-04
2024-04-29,2345.4,25330.0,71.63,74.53,2.9,74.62,71.97,0.36,2024-04
2024-04-30,2291.4,25330.0,69.98,72.88,2.9,74.13,72.16,-2.21,2024-04
2024-05-01,2299.9,25330.0,70.24,73.14,2.9,73.94,72.35,0.36,2024-05
2024-05-02,2299.2,25330.0,70.22,73.12,2.9,73.77,72.52,-0.03,2024-05
2024-05-03,2299.0,25390.0,70.38,73.28,2.9,73.64,72.72,0.22,2024-05
2024-05-06,2321.6,25400.0,71.1,74.0,2.9,73.6,72.92,0.98,2024-05
2024-05-07,2315.2,25370.0,70.82,73.72,2.9,73.52,73.12,-0.38,2024-05
2024-05-08,2313.6,25400.0,70.85,73.75,2.9,73.41,73.3,0.05,2024-05
2024-05-09,2332.1,25425.0,71.49,74.39,2.9,73.63,73.48,0.86,2024-05
2024-05-10,2367.3,25440.0,72.61,75.51,2.9,73.96,73.69,1.51,2024-05
2024-05-13,2336.1,25450.0,71.68,74.58,2.9,74.17,73.85,-1.23,2024-05
2024-05-14,2353.4,25453.0,72.22,75.12,2.9,74.44,74.0,0.72,2024-05
2024-05-15,2388.7,25450.0,73.29,76.19,2.9,74.75,74.15,1.43,2024-05
2024-05-16,2380.0,25445.0,73.01,75.91,2.9,75.06,74.28,-0.37,2024-05
2024-05-17,2412.2,25431.0,73.96,76.86,2.9,75.51,74.42,1.25,2024-05
2024-05-20,2433.9,25448.0,74.68,77.58,2.9,75.96,74.57,0.93,2024-05
2024-05-21,2421.7,25452.0,74.31,77.21,2.9,76.21,74.69,-0.47,2024-05
2024-05-22,2389.2,25461.0,73.34,76.24,2.9,76.45,74.8,-1.26,2024-05
2024-05-23,2335.0,25464.0,71.69,74.59,2.9,76.37,74.83,-2.17,2024-05
2024-05-24,2332.5,25469.0,71.62,74.52,2.9,76.13,74.86,-0.08,2024-05
2024-05-27,2332.5,25465.0,71.61,74.51,2.9,75.93,74.87,-0.02,2024-05
2024-05-28,2355.2,25445.0,72.25,75.15,2.9,75.69,74.85,0.86,2024-05
2024-05-29,2340.3,25448.0,71.8,74.7,2.9,75.28,74.84,-0.6,2024-05
2024-05-30,2342.9,25450.0,71.89,74.79,2.9,74.93,74.8,0.11,2024-05
2024-05-31,2322.9,25450.0,71.28,74.18,2.9,74.63,74.73,-0.82,2024-05
2024-06-03,2346.6,25440.0,71.97,74.87,2.9,74.68,74.75,0.94,2024-06
2024-06-04,2325.5,25432.0,71.3,74.2,2.9,74.63,74.74,-0.89,2024-06
2024-06-05,2354.1,25410.0,72.12,75.02,2.9,74.7,74.77,1.1,2024-06
2024-06-06,2370.3,25415.0,72.63,75.53,2.9,74.76,74.81,0.68,2024-06
2024-06-07,2305.2,25420.0,70.65,73.55,2.9,74.59,74.79,-2.62,2024-06
2024-06-10,2307.7,25400.0,70.67,73.57,2.9,74.42,74.76,0.03,2024-06
2024-06-11,2307.5,25415.0,70.71,73.61,2.9,74.34,74.78,0.05,2024-06
2024-06-12,2336.0,25435.0,71.64,74.54,2.9,74.29,74.83,1.26,2024-06
2024-06-13,2300.2,25435.0,70.54,73.44,2.9,74.18,74.84,-1.47,2024-06
2024-06-14,2331.4,25435.0,71.49,74.39,2.9,74.09,74.87,1.3,2024-06
2024-06-17,2312.4,25450.0,70.95,73.85,2.9,73.85,74.87,-0.73,2024-06
2024-06-18,2330.4,25425.0,71.44,74.34,2.9,73.96,74.89,0.65,2024-06
2024-06-19,2330.4,25445.0,71.49,74.39,2.9,74.08,74.91,0.08,2024-06
2024-06-20,2353.8,25450.0,72.22,75.12,2.9,74.3,74.94,0.98,2024-06
2024-06-21,2316.4,25450.0,71.08,73.98,2.9,74.22,74.88,-1.53,2024-06
2024-06-24,2330.0,25425.0,71.42,74.32,2.9,74.34,74.88,0.47,2024-06
2024-06-25,2316.6,25455.0,71.1,74.0,2.9,74.29,74.84,-0.44,2024-06
2024-06-26,2299.2,25455.0,70.56,73.46,2.9,74.23,74.75,-0.72,2024-06
2024-06-27,2324.5,25465.0,71.37,74.27,2.9,74.22,74.69,1.1,2024-06
2024-06-28,2327.7,25455.0,71.44,74.34,2.9,74.21,74.61,0.09,2024-06
2024-07-01,2327.6,25445.0,71.41,74.31,2.9,74.1,74.5,-0.04,2024-07
2024-07-02,2323.0,25450.0,71.28,74.18,2.9,74.12,74.4,-0.17,2024-07
2024-07-03,2359.8,25450.0,72.41,75.31,2.9,74.26,74.37,1.52,2024-07
2024-07-04,2359.8,25450.0,72.41,75.31,2.9,74.45,74.39,0.0,2024-07
2024-07-05,2388.5,25450.0,73.29,76.19,2.9,74.84,74.45,1.17,2024-07
2024-07-08,2355.2,25412.0,72.16,75.06,2.9,74.95,74.46,-1.48,2024-07
2024-07-09,2360.1,25415.0,72.32,75.22,2.9,75.08,74.47,0.21,2024-07
2024-07-10,2372.2,25413.0,72.68,75.58,2.9,75.26,74.5,0.49,2024-07
2024-07-11,2415.0,25415.0,74.0,76.9,2.9,75.65,74.57,1.74,2024-07
2024-07-12,2414.0,25420.0,73.98,76.88,2.9,75.88,74.66,-0.02,2024-07
2024-07-15,2422.9,25410.0,74.23,77.13,2.9,76.14,74.73,0.32,2024-07
2024-07-16,2462.4,25360.0,75.29,78.19,2.9,76.42,74.86,1.38,2024-07
2024-07-17,2454.8,25375.0,75.1,78.0,2.9,76.84,74.96,-0.24,2024-07
2024-07-18,2451.8,25315.0,74.83,77.73,2.9,77.2,75.04,-0.35,2024-07
2024-07-19,2395.5,25310.0,73.1,76.0,2.9,77.26,75.12,-2.23,2024-07
2024-07-22,2392.0,25300.0,72.96,75.86,2.9,77.11,75.2,-0.18,2024-07
2024-07-23,2404.6,25325.0,73.42,76.32,2.9,77.03,75.29,0.6,2024-07
2024-07-24,2413.3,25345.0,73.74,76.64,2.9,76.96,75.36,0.42,2024-07
2024-07-25,2351.9,25350.0,71.88,74.78,2.9,76.48,75.4,-2.43,2024-07
2024-07-26,2380.0,25285.0,72.55,75.45,2.9,76.11,75.44,0.9,2024-07
2024-07-29,2377.3,25300.0,72.51,75.41,2.9,75.78,75.49,-0.05,2024-07
2024-07-30,2405.0,25275.0,73.29,76.19,2.9,75.81,75.55,1.02,2024-07
2024-07-31,2426.5,25275.0,73.94,76.84,2.9,75.95,75.63,0.86,2024-07
2024-08-01,2435.0,25235.0,74.08,76.98,2.9,76.04,75.69,0.18,2024-08
2024-08-02,2425.7,25215.0,73.74,76.64,2.9,76.04,75.78,-0.44,2024-08
2024-08-05,2401.7,25205.0,72.98,75.88,2.9,76.2,75.84,-0.99,2024-08
2024-08-06,2389.1,25080.0,72.24,75.14,2.9,76.16,75.87,-0.98,2024-08
2024-08-07,2390.5,25130.0,72.43,75.33,2.9,76.14,75.94,0.25,2024-08
2024-08-08,2422.2,25155.0,73.46,76.36,2.9,76.17,76.01,1.37,2024-08
2024-08-09,2432.1,25135.0,73.7,76.6,2.9,76.13,76.08,0.32,2024-08
2024-08-12,2462.4,25090.0,74.49,77.39,2.9,76.19,76.18,1.02,2024-08
2024-08-13,2466.7,25120.0,74.71,77.61,2.9,76.33,76.3,0.28,2024-08
2024-08-14,2439.4,25115.0,73.86,76.76,2.9,76.46,76.35,-1.08,2024-08
2024-08-15,2453.1,25020.0,74.0,76.9,2.9,76.71,76.4,0.17,2024-08
2024-08-16,2498.6,25035.0,75.42,78.32,2.9,77.13,76.47,1.84,2024-08
2024-08-19,2501.8,25050.0,75.56,78.46,2.9,77.43,76.58,0.18,2024-08
2024-08-20,2511.3,24960.0,75.57,78.47,2.9,77.7,76.69,0.02,2024-08
2024-08-21,2508.4,24915.0,75.35,78.25,2.9,77.82,76.78,-0.28,2024-08
2024-08-22,2478.9,24930.0,74.51,77.41,2.9,77.8,76.8,-1.08,2024-08
2024-08-23,2508.4,24960.0,75.49,78.39,2.9,78.03,76.85,1.26,2024-08
2024-08-26,2517.7,24965.0,75.78,78.68,2.9,78.28,76.9,0.38,2024-08
2024-08-27,2516.0,24860.0,75.41,78.31,2.9,78.28,76.9,-0.47,2024-08
2024-08-28,2501.0,24820.0,74.84,77.74,2.9,78.18,76.9,-0.73,2024-08
2024-08-29,2525.7,24855.0,75.69,78.59,2.9,78.19,76.92,1.09,2024-08
2024-08-30,2493.8,24870.0,74.78,77.68,2.9,78.11,76.98,-1.16,2024-08
2024-09-02,2493.8,24860.0,74.75,77.65,2.9,78.15,77.04,-0.04,2024-09
2024-09-03,2489.9,24860.0,74.63,77.53,2.9,78.02,77.08,-0.15,2024-09
2024-09-04,2493.4,24860.0,74.73,77.63,2.9,77.87,77.11,0.14,2024-09
2024-09-05,2511.4,24852.0,75.25,78.15,2.9,77.85,77.22,0.66,2024-09
2024-09-06,2493.5,24730.0,74.35,77.25,2.9,77.78,77.28,-1.16,2024-09
2024-09-09,2501.8,24600.0,74.2,77.1,2.9,77.57,77.34,-0.19,2024-09
2024-09-10,2512.3,24680.0,74.75,77.65,2.9,77.57,77.39,0.72,2024-09
2024-09-11,2512.1,24660.0,74.69,77.59,2.9,77.56,77.41,-0.09,2024-09
2024-09-12,2551.2,24550.0,75.51,78.41,2.9,77.68,77.46,1.06,2024-09
2024-09-13,2581.3,24575.0,76.48,79.38,2.9,77.93,77.55,1.24,2024-09
2024-09-16,2580.4,24530.0,76.31,79.21,2.9,78.09,77.66,-0.21,2024-09
2024-09-17,2564.3,24530.0,75.84,78.74,2.9,78.3,77.78,-0.6,2024-09
2024-09-18,2570.7,24620.0,76.31,79.21,2.9,78.6,77.91,0.59,2024-09
2024-09-19,2588.0,24600.0,76.76,79.66,2.9,78.89,78.02,0.57,2024-09
2024-09-20,2619.9,24565.0,77.59,80.49,2.9,79.3,78.15,1.05,2024-09
2024-09-23,2626.5,24590.0,77.87,80.77,2.9,79.64,78.27,0.34,2024-09
2024-09-24,2651.2,24615.0,78.68,81.58,2.9,79.95,78.4,1.01,2024-09
2024-09-25,2659.2,24590.0,78.84,81.74,2.9,80.31,78.56,0.19,2024-09
2024-09-26,2669.9,24580.0,79.12,82.02,2.9,80.78,78.73,0.35,2024-09
2024-09-27,2644.3,24615.0,78.48,81.38,2.9,81.09,78.84,-0.79,2024-09
2024-09-30,2636.1,24590.0,78.15,81.05,2.9,81.29,78.92,-0.4,2024-09
2024-10-01,2667.3,24555.0,78.96,81.86,2.9,81.49,79.04,1.0,2024-10
2024-10-02,2647.1,24595.0,78.49,81.39,2.9,81.58,79.14,-0.57,2024-10
2024-10-03,2657.1,24652.0,78.97,81.87,2.9,81.62,79.29,0.59,2024-10
2024-10-04,2645.8,24745.0,78.93,81.83,2.9,81.63,79.4,-0.05,2024-10
2024-10-07,2644.8,24755.0,78.94,81.84,2.9,81.6,79.51,0.0,2024-10
2024-10-08,2615.0,24840.0,78.31,81.21,2.9,81.58,79.61,-0.76,2024-10
2024-10-09,2606.0,24835.0,78.03,80.93,2.9,81.56,79.71,-0.35,2024-10
2024-10-10,2620.6,24830.0,78.45,81.35,2.9,81.49,79.81,0.52,2024-10
2024-10-11,2657.6,24830.0,79.56,82.46,2.9,81.64,79.96,1.36,2024-10
2024-10-14,2647.8,24800.0,79.17,82.07,2.9,81.67,80.11,-0.47,2024-10
2024-10-15,2661.4,24840.0,79.7,82.6,2.9,81.78,80.28,0.65,2024-10
2024-10-16,2674.0,24925.0,80.36,83.26,2.9,81.98,80.47,0.79,2024-10
2024-10-17,2691.0,24970.0,81.01,83.91,2.9,82.37,80.66,0.79,2024-10
2024-10-18,2713.7,25180.0,82.38,85.28,2.9,82.99,80.93,1.63,2024-10
2024-10-21,2723.1,25150.0,82.57,85.47,2.9,83.58,81.21,0.22,2024-10
2024-10-22,2744.2,25285.0,83.66,86.56,2.9,84.16,81.5,1.27,2024-10
2024-10-23,2714.4,25390.0,83.09,85.99,2.9,84.72,81.78,-0.65,2024-10
2024-10-24,2734.9,25400.0,83.75,86.65,2.9,85.3,82.06,0.77,2024-10
2024-10-25,2740.9,25385.0,83.89,86.79,2.9,85.81,82.31,0.15,2024-10
2024-10-28,2742.9,25355.0,83.85,86.75,2.9,86.21,82.56,-0.04,2024-10
2024-10-29,2768.4,25345.0,84.59,87.49,2.9,86.53,82.85,0.86,2024-10
2024-10-30,2788.5,25295.0,85.04,87.94,2.9,86.88,83.14,0.51,2024-10
2024-10-31,2738.3,25280.0,83.46,86.36,2.9,86.85,83.36,-1.8,2024-10
2024-11-01,2738.6,25270.0,83.44,86.34,2.9,86.9,83.56,-0.03,2024-11
2024-11-04,2736.1,25280.0,83.39,86.29,2.9,86.85,83.74,-0.05,2024-11
2024-11-05,2740.3,25310.0,83.62,86.52,2.9,86.81,83.91,0.26,2024-11
2024-11-06,2667.6,25330.0,81.47,84.37,2.9,86.47,83.99,-2.49,2024-11
2024-11-07,2698.4,25370.0,82.54,85.44,2.9,86.18,84.11,1.27,2024-11
2024-11-08,2687.5,25350.0,82.14,85.04,2.9,85.76,84.23,-0.47,2024-11
2024-11-11,2611.2,25260.0,79.52,82.42,2.9,85.2,84.28,-3.08,2024-11
2024-11-12,2600.0,25310.0,79.34,82.24,2.9,84.62,84.29,-0.22,2024-11
2024-11-13,2580.8,25340.0,78.85,81.75,2.9,83.97,84.3,-0.6,2024-11
2024-11-14,2568.2,25330.0,78.43,81.33,2.9,83.23,84.28,-0.51,2024-11
2024-11-15,2565.7,25390.0,78.54,81.44,2.9,82.81,84.27,0.13,2024-11
2024-11-18,2610.6,25380.0,79.88,82.78,2.9,82.43,84.3,1.65,2024-11
2024-11-19,2627.1,25405.0,80.47,83.37,2.9,82.19,84.37,0.71,2024-11
2024-11-20,2648.2,25395.0,81.08,83.98,2.9,82.41,84.47,0.74,2024-11
2024-11-21,2672.1,25415.0,81.88,84.78,2.9,82.78,84.59,0.95,2024-11
2024-11-22,2709.9,25415.0,83.04,85.94,2.9,83.37,84.7,1.37,2024-11
2024-11-25,2616.8,25417.0,80.19,83.09,2.9,83.62,84.74,-3.31,2024-11
2024-11-26,2620.3,25410.0,80.27,83.17,2.9,83.87,84.76,0.1,2024-11
2024-11-27,2639.9,25405.0,80.86,83.76,2.9,84.01,84.77,0.7,2024-11
2024-11-28,2639.9,25375.0,80.76,83.66,2.9,84.05,84.77,-0.11,2024-11
2024-11-29,2657.0,25358.0,81.23,84.13,2.9,84.08,84.73,0.56,2024-11
2024-12-02,2634.9,25344.0,80.51,83.41,2.9,83.88,84.66,-0.86,2024-12
2024-12-03,2644.7,25374.0,80.91,83.81,2.9,83.58,84.57,0.47,2024-12
2024-12-04,2653.8,25395.0,81.25,84.15,2.9,83.73,84.51,0.41,2024-12
2024-12-05,2626.6,25400.0,80.44,83.34,2.9,83.75,84.4,-0.97,2024-12
2024-12-06,2638.6,25393.0,80.78,83.68,2.9,83.74,84.29,0.41,2024-12
2024-12-09,2664.9,25375.0,81.53,84.43,2.9,83.85,84.21,0.89,2024-12
2024-12-10,2697.6,25370.0,82.51,85.41,2.9,84.03,84.15,1.17,2024-12
2024-12-11,2733.8,25360.0,83.59,86.49,2.9,84.47,84.1,1.26,2024-12
2024-12-12,2687.5,25380.0,82.24,85.14,2.9,84.66,84.06,-1.56,2024-12
2024-12-13,2656.0,25394.0,81.32,84.22,2.9,84.67,83.99,-1.08,2024-12
2024-12-16,2651.4,25400.0,81.2,84.1,2.9,84.78,83.91,-0.14,2024-12
2024-12-17,2644.4,25385.0,80.93,83.83,2.9,84.8,83.82,-0.31,2024-12
2024-12-18,2636.5,25430.0,80.83,83.73,2.9,84.7,83.8,-0.12,2024-12
2024-12-19,2592.2,25445.0,79.52,82.42,2.9,84.27,83.7,-1.57,2024-12
2024-12-20,2628.7,25450.0,80.66,83.56,2.9,83.86,83.65,1.38,2024-12
2024-12-23,2612.3,25445.0,80.14,83.04,2.9,83.56,83.67,-0.62,2024-12
2024-12-24,2620.0,25440.0,80.36,83.26,2.9,83.42,83.71,0.27,2024-12
2024-12-25,2620.0,25425.0,80.31,83.21,2.9,83.29,83.76,-0.06,2024-12
2024-12-26,2638.8,25420.0,80.87,83.77,2.9,83.29,83.84,0.67,2024-12
2024-12-27,2617.2,25425.0,80.23,83.13,2.9,83.2,83.89,-0.77,2024-12
2024-12-30,2606.1,25445.0,79.95,82.85,2.9,83.26,83.9,-0.33,2024-12
2024-12-31,2629.2,25476.0,80.76,83.66,2.9,83.27,83.9,0.97,2024-12
2025-01-02,2658.9,25480.0,81.68,84.58,2.9,83.49,83.92,1.11,2025-01
2025-01-03,2645.0,25450.0,81.16,84.06,2.9,83.61,83.9,-0.62,2025-01
2025-01-06,2638.4,25400.0,80.8,83.7,2.9,83.68,83.83,-0.43,2025-01
2025-01-07,2656.7,25370.0,81.26,84.16,2.9,83.73,83.86,0.55,2025-01
2025-01-08,2664.5,25360.0,81.47,84.37,2.9,83.91,83.9,0.25,2025-01
2025-01-09,2683.8,25370.0,82.09,84.99,2.9,84.22,83.94,0.74,2025-01
2025-01-10,2708.5,25375.0,82.86,85.76,2.9,84.52,84.01,0.91,2025-01
2025-01-13,2673.5,25360.0,81.74,84.64,2.9,84.53,84.03,-1.3,2025-01
2025-01-14,2677.5,25390.0,81.96,84.86,2.9,84.64,84.08,0.26,2025-01
2025-01-15,2712.5,25380.0,83.0,85.9,2.9,84.96,84.15,1.22,2025-01
2025-01-16,2746.4,25375.0,84.02,86.92,2.9,85.35,84.24,1.19,2025-01
2025-01-17,2744.3,25370.0,83.94,86.84,2.9,85.7,84.36,-0.09,2025-01
2025-01-20,2744.3,25300.0,83.71,86.61,2.9,85.93,84.45,-0.27,2025-01
2025-01-21,2755.0,25315.0,84.09,86.99,2.9,86.11,84.54,0.43,2025-01
2025-01-22,2767.6,25260.0,84.29,87.19,2.9,86.47,84.6,0.23,2025-01
2025-01-23,2763.1,25050.0,83.45,86.35,2.9,86.68,84.59,-0.96,2025-01
2025-01-24,2777.3,25080.0,83.98,86.88,2.9,86.82,84.65,0.61,2025-01
2025-01-27,2737.5,25060.0,82.71,85.61,2.9,86.64,84.7,-1.46,2025-01
2025-01-28,2766.8,25060.0,83.59,86.49,2.9,86.59,84.78,1.03,2025-01
2025-01-29,2769.1,25060.0,83.66,86.56,2.9,86.58,84.87,0.08,2025-01
2025-01-30,2823.0,25060.0,85.29,88.19,2.9,86.75,85.02,1.88,2025-01
2025-01-31,2812.5,25060.0,84.98,87.88,2.9,86.85,85.2,-0.36,2025-01
2025-02-03,2833.9,25060.0,85.62,88.52,2.9,87.16,85.37,0.74,2025-02
2025-02-04,2853.3,25280.0,86.97,89.87,2.9,87.59,85.59,1.52,2025-02
2025-02-05,2871.6,25280.0,87.52,90.42,2.9,88.28,85.83,0.62,2025-02
2025-02-06,2856.0,25145.0,86.58,89.48,2.9,88.7,86.04,-1.04,2025-02
2025-02-07,2867.3,25260.0,87.32,90.22,2.9,89.23,86.26,0.83,2025-02
2025-02-10,2914.3,25290.0,88.86,91.76,2.9,89.74,86.54,1.7,2025-02
2025-02-11,2912.5,25380.0,89.12,92.02,2.9,90.33,86.85,0.28,2025-02
2025-02-12,2909.0,25530.0,89.54,92.44,2.9,90.89,87.14,0.46,2025-02
2025-02-13,2925.9,25550.0,90.13,93.03,2.9,91.34,87.42,0.64,2025-02
2025-02-14,2883.6,25440.0,88.45,91.35,2.9,91.47,87.67,-1.81,2025-02
2025-02-17,2883.6,25370.0,88.2,91.1,2.9,91.7,87.91,-0.27,2025-02
2025-02-18,2931.6,25470.0,90.02,92.92,2.9,92.09,88.21,2.0,2025-02
2025-02-19,2919.4,25500.0,89.75,92.65,2.9,92.22,88.48,-0.29,2025-02
2025-02-20,2940.0,25515.0,90.44,93.34,2.9,92.41,88.76,0.74,2025-02
2025-02-21,2937.6,25500.0,90.31,93.21,2.9,92.52,89.01,-0.14,2025-02
2025-02-24,2947.9,25510.0,90.67,93.57,2.9,92.59,89.31,0.38,2025-02
2025-02-25,2904.5,25468.0,89.18,92.08,2.9,92.7,89.55,-1.58,2025-02
2025-02-26,2916.8,25520.0,89.74,92.64,2.9,92.92,89.77,0.61,2025-02
2025-02-27,2883.2,25535.0,88.76,91.66,2.9,92.74,89.93,-1.06,2025-02
2025-02-28,2836.8,25520.0,87.28,90.18,2.9,92.39,90.04,-1.61,2025-02
2025-03-03,2890.2,25530.0,88.96,91.86,2.9,92.17,90.22,1.86,2025-03
2025-03-04,2909.6,25575.0,89.72,92.62,2.9,92.09,90.4,0.82,2025-03
2025-03-05,2915.3,25540.0,89.77,92.67,2.9,91.96,90.59,0.06,2025-03
2025-03-06,2916.6,25490.0,89.63,92.53,2.9,92.02,90.79,-0.15,2025-03
2025-03-07,2904.7,25485.0,89.25,92.15,2.9,91.95,90.97,-0.41,2025-03
2025-03-10,2891.0,25480.0,88.81,91.71,2.9,91.96,91.17,-0.48,2025-03
2025-03-11,2912.9,25525.0,89.64,92.54,2.9,92.3,91.37,0.91,2025-03
2025-03-12,2939.1,25450.0,90.18,93.08,2.9,92.47,91.59,0.58,2025-03
2025-03-13,2984.3,25445.0,91.55,94.45,2.9,92.73,91.8,1.47,2025-03
2025-03-14,2994.5,25490.0,92.03,94.93,2.9,93.06,92.03,0.5,2025-03
2025-03-17,3000.0,25500.0,92.23,95.13,2.9,93.43,92.25,0.22,2025-03
2025-03-18,3035.1,25510.0,93.35,96.25,2.9,94.01,92.47,1.17,2025-03
2025-03-19,3035.9,25510.0,93.37,96.27,2.9,94.67,92.66,0.03,2025-03
2025-03-20,3040.0,25535.0,93.59,96.49,2.9,95.23,92.9,0.23,2025-03
2025-03-21,3018.2,25545.0,92.96,95.86,2.9,95.63,93.08,-0.66,2025-03
2025-03-24,3013.1,25585.0,92.94,95.84,2.9,95.82,93.22,-0.01,2025-03
2025-03-25,3023.7,25620.0,93.4,96.3,2.9,96.02,93.36,0.47,2025-03
2025-03-26,3020.9,25600.0,93.24,96.14,2.9,96.16,93.49,-0.17,2025-03
2025-03-27,3060.2,25555.0,94.29,97.19,2.9,96.3,93.62,1.09,2025-03
2025-03-28,3086.5,25560.0,95.11,98.01,2.9,96.55,93.85,0.85,2025-03
2025-03-31,3122.8,25550.0,96.2,99.1,2.9,96.92,94.11,1.1,2025-03
2025-04-01,3118.9,25565.0,96.13,99.03,2.9,97.37,94.32,-0.06,2025-04
2025-04-02,3139.9,25620.0,96.99,99.89,2.9,97.95,94.56,0.86,2025-04
2025-04-03,3097.0,25600.0,95.59,98.49,2.9,98.26,94.73,-1.4,2025-04
2025-04-04,3012.0,25600.0,92.96,95.86,2.9,98.22,94.82,-2.66,2025-04
2025-04-07,2951.3,25770.0,91.7,94.6,2.9,97.85,94.85,-1.32,2025-04
2025-04-08,2968.4,25780.0,92.26,95.16,2.9,97.45,94.95,0.6,2025-04
2025-04-09,3056.5,25995.0,95.79,98.69,2.9,97.39,95.16,3.71,2025-04
2025-04-10,3155.2,25960.0,98.75,101.65,2.9,97.76,95.49,3.0,2025-04
2025-04-11,3222.2,25720.0,99.92,102.82,2.9,98.18,95.91,1.15,2025-04
2025-04-14,3204.8,25715.0,99.36,102.26,2.9,98.72,96.26,-0.54,2025-04
2025-04-15,3218.7,25824.0,100.21,103.11,2.9,99.76,96.61,0.84,2025-04
2025-04-16,3326.6,25790.0,103.44,106.34,2.9,101.43,97.06,3.13,2025-04
2025-04-17,3308.7,25830.0,103.04,105.94,2.9,102.97,97.51,-0.37,2025-04
2025-04-21,3406.2,25830.0,106.08,108.98,2.9,104.44,98.07,2.87,2025-04
2025-04-22,3400.8,25871.0,106.08,108.98,2.9,105.49,98.65,-0.0,2025-04
2025-04-23,3276.3,25932.0,102.43,105.33,2.9,105.85,99.07,-3.34,2025-04
2025-04-24,3332.0,25965.0,104.31,107.21,2.9,106.55,99.54,1.78,2025-04
2025-04-25,3282.4,26026.0,103.0,105.9,2.9,106.95,99.92,-1.22,2025-04
2025-04-28,3332.5,26019.0,104.54,107.44,2.9,107.11,100.34,1.46,2025-04
2025-04-29,3318.8,25970.0,103.91,106.81,2.9,107.23,100.73,-0.58,2025-04
2025-04-30,3305.0,25980.0,103.52,106.42,2.9,106.87,101.07,-0.37,2025-04
2025-05-01,3210.0,25980.0,100.55,103.45,2.9,106.08,101.31,-2.8,2025-05
2025-05-02,3231.9,25980.0,101.23,104.13,2.9,105.91,101.56,0.66,2025-05
2025-05-05,3311.3,25980.0,103.72,106.62,2.9,105.82,101.92,2.39,2025-05
2025-05-06,3411.4,25942.0,106.7,109.6,2.9,106.35,102.38,2.79,2025-05
2025-05-07,3381.4,25948.0,105.78,108.68,2.9,106.53,102.79,-0.83,2025-05
2025-05-08,3296.6,25953.0,103.15,106.05,2.9,106.42,103.12,-2.42,2025-05
2025-05-09,3335.4,25959.0,104.39,107.29,2.9,106.55,103.46,1.17,2025-05
2025-05-12,3220.0,25952.0,100.75,103.65,2.9,106.58,103.65,-3.39,2025-05
2025-05-13,3240.3,25960.0,101.42,104.32,2.9,106.6,103.82,0.64,2025-05
2025-05-14,3181.4,25951.0,99.54,102.44,2.9,106.0,103.94,-1.8,2025-05
2025-05-15,3220.7,25924.0,100.66,103.56,2.9,105.14,104.06,1.1,2025-05
2025-05-16,3182.0,25920.0,99.44,102.34,2.9,104.24,104.19,-1.18,2025-05
2025-05-19,3228.9,25917.0,100.89,103.79,2.9,103.91,104.45,1.42,2025-05
2025-05-20,3280.3,25932.0,102.56,105.46,2.9,103.65,104.81,1.6,2025-05
2025-05-21,3309.3,25950.0,103.54,106.44,2.9,104.05,105.19,0.93,2025-05
2025-05-22,3292.3,25950.0,103.0,105.9,2.9,104.28,105.43,-0.5,2025-05
2025-05-23,3363.6,25973.0,105.33,108.23,2.9,105.1,105.65,2.19,2025-05
2025-05-26,3363.6,25946.0,105.22,108.12,2.9,105.75,105.83,-0.1,2025-05
2025-05-27,3299.1,25897.0,103.01,105.91,2.9,106.26,105.95,-2.05,2025-05
2025-05-28,3293.6,25903.0,102.86,105.76,2.9,106.54,106.04,-0.14,2025-05
2025-05-29,3317.1,25950.0,103.78,106.68,2.9,106.72,106.05,0.87,2025-05
2025-05-30,3288.9,25996.0,103.08,105.98,2.9,106.65,106.05,-0.66,2025-05
2025-06-02,3370.6,26019.0,105.74,108.64,2.9,107.04,106.04,2.5,2025-06
2025-06-03,3350.2,26022.0,105.11,108.01,2.9,107.01,106.01,-0.58,2025-06
2025-06-04,3373.5,26038.0,105.9,108.8,2.9,107.11,106.12,0.74,2025-06
2025-06-05,3350.7,26071.0,105.32,108.22,2.9,107.44,106.15,-0.54,2025-06
2025-06-06,3322.7,26056.0,104.38,107.28,2.9,107.66,106.2,-0.87,2025-06
2025-06-09,3332.1,26047.0,104.64,107.54,2.9,107.78,106.2,0.24,2025-06
2025-06-10,3320.9,26025.0,104.2,107.1,2.9,107.94,106.21,-0.41,2025-06
2025-06-11,3321.3,25990.0,104.07,106.97,2.9,107.7,106.23,-0.12,2025-06
2025-06-12,3380.9,26010.0,106.02,108.92,2.9,107.83,106.41,1.82,2025-06
2025-06-13,3431.2,26020.0,107.64,110.54,2.9,108.08,106.63,1.49,2025-06
2025-06-16,3396.4,26050.0,106.67,109.57,2.9,108.28,106.73,-0.88,2025-06
2025-06-17,3386.6,26030.0,106.28,109.18,2.9,108.55,106.71,-0.36,2025-06
2025-06-18,3389.8,26072.0,106.55,109.45,2.9,108.82,106.74,0.25,2025-06
2025-06-19,3389.8,26092.0,106.64,109.54,2.9,109.17,106.85,0.07,2025-06
2025-06-20,3368.1,26123.0,106.08,108.98,2.9,109.45,106.91,-0.51,2025-06
2025-06-23,3377.7,26119.0,106.37,109.27,2.9,109.5,107.1,0.26,2025-06
2025-06-24,3317.4,26190.0,104.75,107.65,2.9,109.09,107.21,-1.48,2025-06
2025-06-25,3327.1,26150.0,104.9,107.8,2.9,108.84,107.39,0.14,2025-06
2025-06-26,3333.5,26150.0,105.1,108.0,2.9,108.67,107.54,0.19,2025-06
2025-06-27,3273.7,26100.0,103.02,105.92,2.9,108.16,107.65,-1.93,2025-06
2025-06-30,3294.4,26090.0,103.63,106.53,2.9,107.73,107.75,0.58,2025-06
2025-07-01,3336.7,26118.0,105.07,107.97,2.9,107.59,107.83,1.35,2025-07
2025-07-02,3348.0,26110.0,105.39,108.29,2.9,107.45,107.89,0.3,2025-07
2025-07-03,3331.6,26150.0,105.04,107.94,2.9,107.49,107.96,-0.33,2025-07
2025-07-04,3332.5,26175.0,105.17,108.07,2.9,107.53,107.95,0.12,2025-07
2025-07-07,3332.2,26158.0,105.09,107.99,2.9,107.53,107.95,-0.07,2025-07
2025-07-08,3307.0,26120.0,104.14,107.04,2.9,107.69,107.99,-0.88,2025-07
2025-07-09,3311.6,26110.0,104.25,107.15,2.9,107.78,108.03,0.1,2025-07
2025-07-10,3317.4,26138.0,104.54,107.44,2.9,107.7,108.06,0.27,2025-07
2025-07-11,3356.0,26100.0,105.6,108.5,2.9,107.73,108.14,0.99,2025-07
2025-07-14,3351.5,26108.0,105.5,108.4,2.9,107.8,108.13,-0.1,2025-07
2025-07-15,3329.8,26100.0,104.78,107.68,2.9,107.74,108.12,-0.66,2025-07
2025-07-16,3352.5,26120.0,105.58,108.48,2.9,107.81,108.11,0.74,2025-07
2025-07-17,3340.1,26140.0,105.27,108.17,2.9,107.97,108.11,-0.29,2025-07
2025-07-18,3353.0,26135.0,105.65,108.55,2.9,108.17,108.15,0.36,2025-07
2025-07-21,3401.9,26140.0,107.21,110.11,2.9,108.56,108.24,1.44,2025-07
2025-07-22,3439.2,26130.0,108.35,111.25,2.9,108.95,108.38,1.03,2025-07
2025-07-23,3394.1,26120.0,106.89,109.79,2.9,109.15,108.47,-1.31,2025-07
2025-07-24,3371.0,26120.0,106.16,109.06,2.9,109.34,108.48,-0.66,2025-07
2025-07-25,3334.0,26110.0,104.95,107.85,2.9,109.25,108.39,-1.11,2025-07
2025-07-28,3309.1,26120.0,104.21,107.11,2.9,109.1,108.3,-0.69,2025-07
2025-07-29,3323.4,26165.0,104.84,107.74,2.9,108.99,108.26,0.59,2025-07
2025-07-30,3295.8,26195.0,104.09,106.99,2.9,108.54,108.17,-0.7,2025-07
2025-07-31,3293.2,26200.0,104.03,106.93,2.9,107.92,108.09,-0.06,2025-07
2025-08-01,3347.7,26197.0,105.74,108.64,2.9,107.76,108.08,1.6,2025-08
2025-08-04,3374.4,26190.0,106.55,109.45,2.9,107.81,108.08,0.75,2025-08
2025-08-05,3381.9,26174.0,106.72,109.62,2.9,108.07,108.15,0.16,2025-08
2025-08-06,3380.0,26225.0,106.87,109.77,2.9,108.45,108.21,0.13,2025-08
2025-08-07,3400.3,26200.0,107.41,110.31,2.9,108.81,108.29,0.49,2025-08
2025-08-08,3439.1,26190.0,108.59,111.49,2.9,109.46,108.48,1.07,2025-08
2025-08-11,3353.1,26200.0,105.92,108.82,2.9,109.73,108.55,-2.4,2025-08
2025-08-12,3348.9,26231.0,105.91,108.81,2.9,109.75,108.58,-0.01,2025-08
2025-08-13,3358.7,26245.0,106.28,109.18,2.9,109.71,108.61,0.34,2025-08
2025-08-14,3335.2,26265.0,105.61,108.51,2.9,109.56,108.63,-0.61,2025-08
2025-08-15,3336.0,26230.0,105.5,108.4,2.9,109.36,108.64,-0.11,2025-08
2025-08-18,3331.7,26240.0,105.4,108.3,2.9,109.07,108.65,-0.09,2025-08
2025-08-19,3313.4,26275.0,104.96,107.86,2.9,108.55,108.68,-0.41,2025-08
2025-08-20,3343.4,26290.0,105.97,108.87,2.9,108.56,108.74,0.94,2025-08
2025-08-21,3336.9,26370.0,106.09,108.99,2.9,108.59,108.79,0.11,2025-08
2025-08-22,3374.4,26405.0,107.42,110.32,2.9,108.75,108.85,1.22,2025-08
2025-08-25,3373.8,26300.0,106.98,109.88,2.9,108.95,108.9,-0.4,2025-08
2025-08-26,3388.6,26300.0,107.45,110.35,2.9,109.23,108.99,0.43,2025-08
2025-08-27,3404.6,26340.0,108.12,111.02,2.9,109.61,109.07,0.61,2025-08
2025-08-28,3431.8,26374.0,109.12,112.02,2.9,110.21,109.2,0.9,2025-08
2025-08-29,3473.7,26360.0,110.4,113.3,2.9,110.84,109.36,1.14,2025-08
2025-09-01,3473.7,26340.0,110.31,113.21,2.9,111.44,109.46,-0.07,2025-09
2025-09-02,3549.4,26340.0,112.72,115.62,2.9,112.2,109.61,2.12,2025-09
2025-09-03,3593.2,26340.0,114.11,117.01,2.9,113.22,109.85,1.2,2025-09
2025-09-04,3565.8,26365.0,113.35,116.25,2.9,114.06,110.09,-0.65,2025-09
2025-09-05,3613.2,26360.0,114.83,117.73,2.9,115.02,110.42,1.28,2025-09
2025-09-08,3638.1,26375.0,115.69,118.59,2.9,115.96,110.8,0.73,2025-09
2025-09-09,3643.3,26385.0,115.9,118.8,2.9,116.74,111.17,0.18,2025-09
2025-09-10,3643.6,26360.0,115.8,118.7,2.9,117.53,111.56,-0.08,2025-09
2025-09-11,3636.9,26370.0,115.63,118.53,2.9,117.94,111.94,-0.14,2025-09
2025-09-12,3649.4,26375.0,116.05,118.95,2.9,118.22,112.29,0.35,2025-09
2025-09-15,3682.2,26355.0,117.0,119.9,2.9,118.74,112.64,0.8,2025-09
2025-09-16,3688.9,26355.0,117.21,120.11,2.9,119.08,112.99,0.18,2025-09
2025-09-17,3681.8,26381.0,117.1,120.0,2.9,119.28,113.33,-0.09,2025-09
2025-09-18,3643.7,26340.0,115.71,118.61,2.9,119.26,113.6,-1.16,2025-09
2025-09-19,3671.5,26355.0,116.66,119.56,2.9,119.38,113.87,0.8,2025-09
2025-09-22,3740.7,26355.0,118.86,121.76,2.9,119.84,114.3,1.84,2025-09
2025-09-23,3780.6,26395.0,120.31,123.21,2.9,120.45,114.78,1.19,2025-09
2025-09-24,3732.1,26395.0,118.77,121.67,2.9,120.7,115.2,-1.25,2025-09
2025-09-25,3736.9,26395.0,118.92,121.82,2.9,120.95,115.64,0.13,2025-09
2025-09-26,3775.3,26380.0,120.07,122.97,2.9,121.37,116.13,0.95,2025-09
2025-09-29,3820.9,26385.0,121.55,124.45,2.9,122.21,116.67,1.2,2025-09
2025-09-30,3840.8,26414.0,122.31,125.21,2.9,123.01,117.25,0.62,2025-09
2025-10-01,3867.5,26425.0,123.22,126.12,2.9,123.64,117.82,0.72,2025-10
2025-10-02,3839.7,26405.0,122.24,125.14,2.9,123.91,118.36,-0.78,2025-10
2025-10-03,3880.8,26393.0,123.49,126.39,2.9,124.59,118.9,1.0,2025-10
2025-10-06,3948.5,26375.0,125.56,128.46,2.9,125.53,119.52,1.64,2025-10
2025-10-07,3976.6,26340.0,126.28,129.18,2.9,126.42,120.14,0.56,2025-10
2025-10-08,4043.3,26340.0,128.4,131.3,2.9,127.4,120.82,1.64,2025-10
2025-10-09,3946.3,26335.0,125.3,128.2,2.9,127.83,121.36,-2.36,2025-10
2025-10-10,3975.9,26346.0,126.29,129.19,2.9,128.27,121.89,0.77,2025-10
2025-10-13,4108.6,26310.0,130.33,133.23,2.9,129.42,122.56,3.12,2025-10
2025-10-14,4138.7,26325.0,131.36,134.26,2.9,130.55,123.18,0.77,2025-10
2025-10-15,4176.9,26343.0,132.66,135.56,2.9,131.56,123.79,0.97,2025-10
2025-10-16,4280.2,26315.0,135.8,138.7,2.9,132.92,124.54,2.31,2025-10
2025-10-17,4189.9,26310.0,132.91,135.81,2.9,133.56,125.15,-2.08,2025-10
2025-10-20,4336.4,26337.0,137.69,140.59,2.9,135.33,125.88,3.53,2025-10
2025-10-21,4087.7,26330.0,129.76,132.66,2.9,135.83,126.34,-5.64,2025-10
2025-10-22,4044.4,26333.0,128.4,131.3,2.9,135.55,126.76,-1.03,2025-10
2025-10-23,4125.5,26345.0,131.04,133.94,2.9,135.51,127.28,2.01,2025-10
2025-10-24,4118.4,26312.0,130.65,133.55,2.9,135.22,127.76,-0.29,2025-10
2025-10-27,4001.9,26280.0,126.8,129.7,2.9,133.94,128.09,-2.88,2025-10
2025-10-28,3966.2,26280.0,125.67,128.57,2.9,132.9,128.37,-0.87,2025-10
2025-10-29,3983.7,26308.0,126.36,129.26,2.9,131.28,128.68,0.54,2025-10
2025-10-30,4001.3,26335.0,127.04,129.94,2.9,130.89,129.06,0.53,2025-10
2025-10-31,3982.2,26315.0,126.34,129.24,2.9,130.6,129.38,-0.54,2025-10
2025-11-03,4000.3,26310.0,126.89,129.79,2.9,130.01,129.65,0.43,2025-11
2025-11-04,3947.7,26309.0,125.22,128.12,2.9,129.23,129.81,-1.29,2025-11
2025-11-05,3980.3,26295.0,126.19,129.09,2.9,129.14,130.06,0.75,2025-11
2025-11-06,3979.9,26300.0,126.2,129.1,2.9,129.22,130.3,0.01,2025-11
2025-11-07,3999.4,26285.0,126.74,129.64,2.9,129.27,130.52,0.42,2025-11
2025-11-10,4111.8,26280.0,130.28,133.18,2.9,129.74,130.81,2.73,2025-11
2025-11-11,4106.8,26270.0,130.07,132.97,2.9,130.27,131.07,-0.16,2025-11
2025-11-12,4204.4,26280.0,133.21,136.11,2.9,131.17,131.41,2.36,2025-11
2025-11-13,4186.9,26280.0,132.66,135.56,2.9,132.24,131.75,-0.41,2025-11
2025-11-14,4087.6,26320.0,129.71,132.61,2.9,132.74,131.96,-2.18,2025-11
2025-11-17,4068.3,26325.0,129.12,132.02,2.9,133.16,132.08,-0.44,2025-11
2025-11-18,4061.3,26335.0,128.95,131.85,2.9,133.47,132.17,-0.13,2025-11
2025-11-19,4077.7,26378.0,129.68,132.58,2.9,133.39,132.21,0.56,2025-11
2025-11-20,4056.5,26376.0,129.0,131.9,2.9,133.23,132.33,-0.52,2025-11
2025-11-21,4076.7,26366.0,129.59,132.49,2.9,132.72,132.44,0.45,2025-11
2025-11-24,4091.9,26349.0,129.99,132.89,2.9,132.33,132.43,0.3,2025-11
2025-11-25,4139.2,26350.0,131.5,134.4,2.9,132.59,132.44,1.13,2025-11
2025-11-26,4165.2,26343.0,132.29,135.19,2.9,133.04,132.42,0.59,2025-11
2025-11-27,4165.2,26350.0,132.32,135.22,2.9,133.52,132.31,0.03,2025-11
2025-11-28,4218.3,26372.0,134.12,137.02,2.9,134.16,132.35,1.33,2025-11
2025-12-01,4239.3,26330.0,134.58,137.48,2.9,134.96,132.25,0.33,2025-12
2025-12-02,4186.6,26340.0,132.95,135.85,2.9,135.44,132.35,-1.18,2025-12
2025-12-03,4199.3,26340.0,133.36,136.26,2.9,135.92,132.52,0.3,2025-12
2025-12-04,4211.8,26345.0,133.78,136.68,2.9,136.24,132.61,0.31,2025-12
2025-12-05,4212.9,26340.0,133.79,136.69,2.9,136.46,132.71,0.01,2025-12
2025-12-08,4187.2,26320.0,132.87,135.77,2.9,136.54,132.92,-0.67,2025-12
2025-12-09,4206.7,26320.0,133.49,136.39,2.9,136.44,133.18,0.46,2025-12
2025-12-10,4196.4,26340.0,133.26,136.16,2.9,136.26,133.41,-0.17,2025-12
2025-12-11,4285.5,26355.0,136.17,139.07,2.9,136.72,133.71,2.13,2025-12
2025-12-12,4300.1,26300.0,136.35,139.25,2.9,137.14,134.04,0.13,2025-12
2025-12-15,4306.7,26303.0,136.57,139.47,2.9,137.54,134.37,0.16,2025-12
2025-12-16,4304.5,26290.0,136.44,139.34,2.9,137.92,134.74,-0.1,2025-12
2025-12-17,4347.5,26310.0,137.91,140.81,2.9,138.64,135.13,1.05,2025-12
2025-12-18,4339.5,26300.0,137.6,140.5,2.9,139.23,135.51,-0.22,2025-12
2025-12-19,4361.4,26285.0,138.21,141.11,2.9,139.94,135.89,0.44,2025-12
2025-12-22,4444.6,26265.0,140.74,143.64,2.9,140.59,136.24,1.79,2025-12
2025-12-23,4482.8,26300.0,142.14,145.04,2.9,141.42,136.65,0.97,2025-12
2025-12-24,4480.6,26326.0,142.21,145.11,2.9,142.22,136.95,0.05,2025-12
2025-12-26,4529.1,26277.0,143.49,146.39,2.9,143.23,137.31,0.88,2025-12
2025-12-29,4325.1,26255.0,136.91,139.81,2.9,143.09,137.55,-4.49,2025-12
2025-12-30,4370.1,26245.0,138.28,141.18,2.9,143.18,137.85,0.98,2025-12
2025-12-31,4325.6,26225.0,136.77,139.67,2.9,142.98,138.11,-1.07,2025-12
2026-01-02,4314.4,26295.0,136.78,139.68,2.9,142.41,138.35,0.01,2026-01
2026-01-05,4436.9,26295.0,140.66,143.56,2.9,142.2,138.74,2.78,2026-01
2026-01-06,4482.2,26269.0,141.96,144.86,2.9,142.16,139.15,0.9,2026-01
2026-01-07,4449.3,26274.0,140.94,143.84,2.9,141.8,139.51,-0.7,2026-01
2026-01-08,4449.7,26271.0,140.94,143.84,2.9,142.37,139.83,-0.0,2026-01
2026-01-09,4490.3,26230.0,142.0,144.9,2.9,142.91,140.15,0.74,2026-01
2026-01-12,4604.3,26225.0,145.58,148.48,2.9,144.17,140.6,2.47,2026-01
2026-01-13,4589.2,26270.0,145.35,148.25,2.9,145.39,140.97,-0.15,2026-01
2026-01-14,4626.3,26250.0,146.41,149.31,2.9,146.21,141.36,0.72,2026-01
2026-01-15,4616.3,26230.0,145.99,148.89,2.9,146.79,141.8,-0.29,2026-01
2026-01-16,4588.4,26230.0,145.1,148.0,2.9,147.38,142.19,-0.59,2026-01
2026-01-19,4588.4,26235.0,145.13,148.03,2.9,147.98,142.57,0.02,2026-01
2026-01-20,4759.6,26225.0,150.49,153.39,2.9,149.19,143.13,3.62,2026-01
2026-01-21,4831.8,26264.0,153.0,155.9,2.9,150.25,143.8,1.64,2026-01
2026-01-22,4908.8,26225.0,155.21,158.11,2.9,151.66,144.52,1.42,2026-01
2026-01-23,4976.2,26267.0,157.59,160.49,2.9,153.26,145.33,1.51,2026-01
2026-01-26,5079.7,26205.0,160.49,163.39,2.9,155.33,146.14,1.81,2026-01
2026-01-27,5079.9,26181.0,160.35,163.25,2.9,157.51,146.94,-0.09,2026-01
2026-01-28,5301.6,26130.0,167.02,169.92,2.9,160.63,147.96,4.09,2026-01
2026-01-29,5318.4,26020.0,166.84,169.74,2.9,162.97,148.97,-0.1,2026-01
2026-01-30,4713.9,25950.0,147.48,150.38,2.9,162.18,149.29,-11.41,2026-01
2026-02-02,4622.5,25880.0,144.23,147.13,2.9,160.61,149.51,-2.16,2026-02
2026-02-03,4903.7,25970.0,153.54,156.44,2.9,160.04,150.02,6.33,2026-02
2026-02-04,4920.4,26000.0,154.24,157.14,2.9,159.14,150.47,0.45,2026-02
2026-02-05,4861.4,25978.0,152.26,155.16,2.9,157.99,150.81,-1.26,2026-02
2026-02-06,4951.2,25940.0,154.85,157.75,2.9,156.25,151.23,1.67,2026-02
2026-02-09,5050.9,25900.0,157.72,160.62,2.9,154.95,151.7,1.82,2026-02
2026-02-10,5003.8,25860.0,156.01,158.91,2.9,156.16,152.34,-1.07,2026-02
2026-02-11,5071.6,25840.0,158.0,160.9,2.9,158.13,153.0,1.25,2026-02
2026-02-12,4923.7,25950.0,154.05,156.95,2.9,158.2,153.57,-2.46,2026-02
2026-02-13,5022.0,25910.0,156.88,159.78,2.9,158.58,154.24,1.81,2026-02
2026-02-16,5022.0,25920.0,156.94,159.84,2.9,159.25,154.79,0.04,2026-02
2026-02-17,4882.9,25920.0,152.59,155.49,2.9,158.93,155.14,-2.72,2026-02
2026-02-18,4986.5,25920.0,155.83,158.73,2.9,158.66,155.64,2.08,2026-02
2026-02-19,4975.9,25920.0,155.5,158.4,2.9,158.58,156.12,-0.21,2026-02
2026-02-20,5059.3,25920.0,158.11,161.01,2.9,158.6,156.66,1.65,2026-02
2026-02-23,5204.7,25920.0,162.65,165.55,2.9,159.83,157.23,2.82,2026-02
2026-02-24,5155.8,26080.0,162.12,165.02,2.9,160.58,157.79,-0.32,2026-02
2026-02-25,5206.4,26180.0,164.33,167.23,2.9,161.63,158.38,1.34,2026-02
2026-02-26,5176.5,26099.0,162.89,165.79,2.9,163.1,158.95,-0.87,2026-02
2026-02-27,5230.5,26030.0,164.15,167.05,2.9,164.29,159.58,0.76,2026-02
2026-03-02,5294.4,26040.0,166.22,169.12,2.9,165.82,160.29,1.24,2026-03
2026-03-03,5107.4,26160.0,161.09,163.99,2.9,166.25,160.64,-3.03,2026-03
2026-03-04,5120.2,26150.0,161.43,164.33,2.9,166.07,160.92,0.21,2026-03
2026-03-05,5065.3,26165.0,159.79,162.69,2.9,165.74,161.07,-1.0,2026-03
2026-03-06,5146.1,26210.0,162.62,165.52,2.9,165.5,161.24,1.74,2026-03
2026-03-09,5091.5,26180.0,160.71,163.61,2.9,165.19,161.25,-1.15,2026-03
2026-03-10,5229.7,26245.0,165.48,168.38,2.9,165.38,161.42,2.92,2026-03
2026-03-11,5167.4,26175.0,163.07,165.97,2.9,164.93,161.29,-1.43,2026-03
2026-03-12,5115.8,26190.0,161.54,164.44,2.9,164.99,161.11,-0.93,2026-03
2026-03-13,5052.5,26240.0,159.84,162.74,2.9,164.76,161.52,-1.03,2026-03
2026-03-16,4994.0,26271.0,158.18,161.08,2.9,164.53,161.99,-1.02,2026-03
2026-03-17,5001.0,26260.0,158.33,161.23,2.9,163.92,162.15,0.1,2026-03
2026-03-18,4889.9,26280.0,154.93,157.83,2.9,163.1,162.17,-2.11,2026-03
2026-03-19,4600.7,26300.0,145.88,148.78,2.9,160.3,161.96,-5.74,2026-03
2026-03-20,4570.4,26255.0,144.67,147.57,2.9,157.67,161.62,-0.81,2026-03
2026-03-23,4404.1,26285.0,139.57,142.47,2.9,154.53,161.01,-3.46,2026-03
2026-03-24,4399.3,26339.0,139.7,142.6,2.9,151.65,160.47,0.09,2026-03
2026-03-25,4549.8,26350.0,144.54,147.44,2.9,149.7,160.02,3.39,2026-03
2026-03-26,4375.5,26341.0,138.96,141.86,2.9,146.94,159.52,-3.79,2026-03
2026-03-27,4492.0,26348.0,142.69,145.59,2.9,145.19,159.04,2.63,2026-03
2026-03-30,4526.0,26320.0,143.62,146.52,2.9,144.87,158.6,0.64,2026-03
2026-03-31,4647.6,26335.0,147.56,150.46,2.9,145.28,158.43,2.69,2026-03
2026-04-01,4783.2,26323.0,151.8,154.7,2.9,147.03,158.3,2.82,2026-04
2026-04-02,4651.5,26310.0,147.55,150.45,2.9,148.15,158.03,-2.75,2026-04
2026-04-03,4651.5,26310.0,147.55,150.45,2.9,148.58,157.68,0.0,2026-04
2026-04-06,4656.8,26318.0,147.76,150.66,2.9,149.83,157.19,0.14,2026-04
2026-04-07,4657.1,26312.0,147.74,150.64,2.9,150.55,156.71,-0.02,2026-04
2026-04-08,4749.5,26305.0,150.63,153.53,2.9,151.56,156.25,1.92,2026-04
2026-04-09,4792.2,26304.0,151.98,154.88,2.9,152.19,155.89,0.88,2026-04
2026-04-10,4761.9,26320.0,151.11,154.01,2.9,152.09,155.45,-0.56,2026-04
2026-04-13,4742.4,26335.0,150.57,153.47,2.9,152.52,154.93,-0.35,2026-04
2026-04-14,4825.0,26325.0,153.14,156.04,2.9,153.32,154.67,1.67,2026-04
2026-04-15,4800.0,26340.0,152.43,155.33,2.9,153.99,154.37,-0.45,2026-04
2026-04-16,4785.4,26302.0,151.75,154.65,2.9,154.56,154.1,-0.44,2026-04
2026-04-17,4857.6,26300.0,154.03,156.93,2.9,155.04,153.81,1.47,2026-04
2026-04-20,4806.6,26313.0,152.49,155.39,2.9,155.12,153.54,-0.98,2026-04
2026-04-21,4698.4,26308.0,149.02,151.92,2.9,154.82,152.99,-2.23,2026-04
2026-04-22,4732.5,26325.0,150.2,153.1,2.9,154.77,152.56,0.78,2026-04
2026-04-23,4705.1,26320.0,149.31,152.21,2.9,154.22,152.15,-0.59,2026-04
2026-04-24,4722.3,26294.0,149.7,152.6,2.9,153.83,151.81,0.26,2026-04
2026-04-27,4675.4,26350.0,148.53,151.43,2.9,153.37,151.49,-0.77,2026-04
2026-04-28,4591.5,26350.0,145.87,148.77,2.9,152.2,151.08,-1.76,2026-04
2026-04-29,4545.2,26330.0,144.29,147.19,2.9,151.03,150.72,-1.06,2026-04
2026-04-30,4614.7,26355.0,146.63,149.53,2.9,150.69,150.75,1.59,2026-04
2026-05-01,4629.9,26355.0,147.11,150.01,2.9,150.25,150.83,0.32,2026-05
2026-05-04,4519.5,26355.0,143.61,146.51,2.9,149.43,150.96,-2.34,2026-05
2026-05-05,4555.8,26312.0,144.52,147.42,2.9,148.69,151.12,0.63,2026-05
2026-05-06,4681.9,26280.0,148.34,151.24,2.9,148.67,151.25,2.59,2026-05
2026-05-07,4699.8,26320.0,149.14,152.04,2.9,149.13,151.59,0.52,2026-05
2026-05-08,4720.4,26260.0,149.45,152.35,2.9,149.87,151.81,0.21,2026-05
2026-05-11,4718.7,26306.0,149.66,152.56,2.9,150.3,152.02,0.14,2026-05
2026-05-12,4677.6,26320.0,148.43,151.33,2.9,150.49,152.04,-0.8,2026-05
2026-05-13,4697.7,26299.0,148.95,151.85,2.9,151.26,151.95,0.34,2026-05
2026-05-14,4678.1,26317.0,148.43,151.33,2.9,151.81,151.98,-0.34,2026-05
2026-05-15,4555.8,26340.0,144.68,147.58,2.9,151.29,151.88,-2.48,2026-05
2026-05-18,4552.5,26350.0,144.63,147.53,2.9,150.65,151.78,-0.03,2026-05
2026-05-19,4506.3,26327.0,143.04,145.94,2.9,149.73,151.62,-1.08,2026-05
2026-05-20,4531.3,26329.0,143.84,146.74,2.9,148.9,151.4,0.55,2026-05
2026-05-21,4539.8,26355.0,144.25,147.15,2.9,148.3,151.14,0.28,2026-05
2026-05-22,4521.0,26350.0,143.63,146.53,2.9,147.54,150.89,-0.42,2026-05
2026-05-25,4521.0,26340.0,143.57,146.47,2.9,146.85,150.66,-0.04,2026-05
2026-05-26,4500.4,26322.0,142.82,145.72,2.9,146.58,150.31,-0.51,2026-05
2026-05-27,4447.5,26294.0,140.99,143.89,2.9,146.06,149.93,-1.26,2026-05
2026-05-28,4499.3,26273.0,142.52,145.42,2.9,145.99,149.62,1.06,2026-05
2026-05-29,4560.5,26326.0,144.75,147.65,2.9,146.12,149.31,1.53,2026-05
2026-06-01,4475.2,26255.0,141.66,144.56,2.9,145.75,148.95,-2.09,2026-06
2026-06-02,4489.1,26265.0,142.15,145.05,2.9,145.54,148.72,0.34,2026-06
2026-06-03,4436.7,26275.0,140.55,143.45,2.9,145.11,148.4,-1.11,2026-06
2026-06-04,4475.8,26290.0,141.87,144.77,2.9,144.97,148.15,0.92,2026-06
2026-06-05,4337.1,26275.0,137.39,140.29,2.9,144.46,147.74,-3.09,2026-06
2026-06-08,4335.9,26270.0,137.33,140.23,2.9,143.71,147.37,-0.05,2026-06
2026-06-09,4260.0,26285.0,135.0,137.9,2.9,142.32,147.01,-1.66,2026-06
2026-06-10,4108.2,26270.0,130.12,133.02,2.9,140.67,146.54,-3.54,2026-06
2026-06-11,4090.3,26265.0,129.53,132.43,2.9,138.87,145.97,-0.44,2026-06
2026-06-12,4215.0,26325.0,133.78,136.68,2.9,137.9,145.52,3.21,2026-06
2026-06-15,4328.0,26250.0,136.97,139.87,2.9,137.2,145.3,2.34,2026-06
2026-06-16,4330.9,26230.0,136.96,139.86,2.9,137.14,145.05,-0.01,2026-06
2026-06-17,4358.9,26240.0,137.9,140.8,2.9,137.22,144.7,0.67,2026-06
2026-06-18,4224.1,26265.0,133.76,136.66,2.9,137.05,144.19,-2.94,2026-06
2026-06-19,4224.1,26270.0,133.79,136.69,2.9,137.57,143.66,0.02,2026-06
2026-06-22,4181.9,26265.0,132.43,135.33,2.9,137.98,143.09,-1.0,2026-06
2026-06-23,4129.9,26315.0,131.03,133.93,2.9,137.59,142.51,-1.03,2026-06
2026-06-24,3990.3,26265.0,126.36,129.26,2.9,136.07,141.76,-3.49,2026-06
2026-06-25,4030.5,26330.0,127.95,130.85,2.9,134.79,141.07,1.23,2026-06
2026-06-26,4078.7,26315.0,129.4,132.3,2.9,133.57,140.57,1.11,2026-06
2026-06-29,4022.3,26245.0,127.27,130.17,2.9,132.65,139.99,-1.61,2026-06
2026-06-30,4022.9,26230.0,127.22,130.12,2.9,131.71,139.46,-0.04,2026-06
2026-07-01,4068.3,26255.0,128.78,131.68,2.9,131.19,138.96,1.2,2026-07
2026-07-02,4112.7,26299.0,130.4,133.3,2.9,131.1,138.5,1.23,2026-07
2026-07-03,4112.7,26285.0,130.33,133.23,2.9,131.67,138.05,-0.05,2026-07
2026-07-06,4155.1,26294.0,131.72,134.62,2.9,132.21,137.66,1.04,2026-07
2026-07-07,4145.3,26299.0,131.44,134.34,2.9,132.5,137.28,-0.21,2026-07
2026-07-08,4070.9,26289.0,129.03,131.93,2.9,132.75,136.88,-1.79,2026-07
2026-07-09,4130.6,26294.0,130.95,133.85,2.9,133.28,136.49,1.45,2026-07
2026-07-10,4104.1,26290.0,130.09,132.99,2.9,133.47,136.0,-0.64,2026-07
2026-07-13,3997.0,26261.0,126.55,129.45,2.9,132.91,135.5,-2.66,2026-07
2026-07-14,4061.1,26250.0,128.53,131.43,2.9,132.66,135.05,1.53,2026-07
2026-07-15,4044.0,26259.0,128.03,130.93,2.9,132.13,134.63,-0.38,2026-07
2026-07-16,3985.6,26254.0,126.16,129.06,2.9,131.37,134.11,-1.43,2026-07
2026-07-17,4012.7,26251.0,127.0,129.9,2.9,131.09,133.76,0.65,2026-07
2026-07-20,4010.3,26292.0,127.12,130.02,2.9,130.54,133.42,0.09,2026-07
2026-07-21,4071.1,26290.0,129.04,131.94,2.9,130.39,133.22,1.47,2026-07
2026-07-22,4146.9,26300.0,131.49,134.39,2.9,131.1,133.27,1.86,2026-07
2026-07-23,4046.6,26305.0,128.34,131.24,2.9,131.07,133.23,-2.35,2026-07
2026-07-24,4067.6,26314.0,129.05,131.95,2.9,131.21,133.07,0.54,2026-07
2026-07-27,4074.5,26300.0,129.2,132.1,2.9,131.65,132.81,0.11,2026-07
2026-07-28,4036.3,26313.0,128.05,130.95,2.9,131.8,132.51,-0.87,2026-07
2026-07-29,4034.7,26330.0,128.08,130.98,2.9,131.93,132.19,0.02,2026-07
2026-07-30,4100.1,26321.0,130.11,133.01,2.9,132.09,132.06,1.55,2026-07
2026-07-31,4049.1,26279.0,128.29,131.19,2.9,131.63,131.88,-1.37,2026-07
2026-08-03,4033.7,26291.0,127.86,130.76,2.9,131.56,131.73,-0.33,2026-08
2026-08-04,4095.4,26286.0,129.79,132.69,2.9,131.67,131.69,1.48,2026-08
2026-08-05,4245.8,26259.0,134.42,137.32,2.9,132.41,131.96,3.49,2026-08
2026-08-06,4242.0,26249.0,134.25,137.15,2.9,133.3,132.17,-0.12,2026-08
2026-08-07,4340.7,26234.0,137.29,140.19,2.9,134.62,132.43,2.22,2026-08
2026-08-10,4361.8,26203.0,137.8,140.7,2.9,135.71,132.78,0.36,2026-08
2026-08-11,4383.0,26150.0,138.19,141.09,2.9,137.13,133.15,0.28,2026-08
2026-08-12,4408.9,26130.0,138.9,141.8,2.9,138.7,133.48,0.5,2026-08
2026-08-13,4363.6,26049.0,137.04,139.94,2.9,139.74,133.7,-1.31,2026-08
2026-08-14,4380.4,26070.0,137.68,140.58,2.9,140.21,133.95,0.46,2026-08
2026-08-17,4417.8,26147.0,139.27,142.17,2.9,140.92,134.2,1.13,2026-08
2026-08-18,4445.0,26200.0,140.41,143.31,2.9,141.37,134.5,0.8,2026-08
